-- 3_insertion.sql
-- Données complètes EFREI-centrées, en pur SQL (MySQL)
SET NAMES utf8mb4;

-- 1) ETABLISSEMENTS
INSERT INTO etablissement (id_etablissement, nom_etablissement, code_etablissement, creation_date) VALUES
(1,'EFREI Paris','EFREI','1936-09-01'),
(2,'Université Paris Cité','UPCITE','2019-03-20'),
(3,'Sorbonne Université','SORBN','2018-01-01'),
(4,'INSA Lyon','INSALY','1957-01-01'),
(5,'ENSAD','ENSAD','1766-01-01');

-- 2) PROFILS (60)
INSERT INTO profil (id_profil, nom_profil, prenom_profil, pseudo_profil, email_profil, mdp_hash, avatar_url, biographie_profil, promo_code, creation_profil, id_etablissement) VALUES
(1,'Monet','Alice','alice.monet1','alice.monet@efrei.fr','e3afed0047b08059d0fada10f400c1e5','https://cdn.site.com/avatars/1.jpg','Intéressé(e) par l''IA, SQL et la visualisation.','ING2026','2024-09-10','1'),
(2,'Rodin','Karim','karim.rodin2','karim.rodin@efrei.fr','12dea96fec20593566ab75692c994959','https://cdn.site.com/avatars/2.jpg','Amateur/amatrice de photo au Centre Pompidou.','ING2025','2024-09-11','1'),
(3,'Kahlo','Nina','nina.kahlo3','nina.kahlo@efrei.fr','25f9e794323b453885f5181f1b624d0b','https://cdn.site.com/avatars/3.jpg','Fan du Musée d''Orsay et du Louvre.','IA2027','2024-09-12','1'),
(4,'Cezanne','Mehdi','mehdi.cezanne4','mehdi.cezanne@efrei.fr','5f4dcc3b5aa765d61d8327deb882cf99','https://cdn.site.com/avatars/4.jpg','Fan du Musée d''Orsay et du Louvre.','ING2027','2024-09-13','1'),
(5,'Matisse','Zoe','zoe.matisse5','zoe.matisse@efrei.fr','098f6bcd4621d373cade4e832627b4f6','https://cdn.site.com/avatars/5.jpg','Lecteur/lectrice assidu(e) à la BnF.','ING2025','2024-09-14','1'),
(6,'Basquiat','Ruben','ruben.basquiat6','ruben.basquiat@efrei.fr','21232f297a57a5a743894a0e4a801fc3','https://cdn.site.com/avatars/6.jpg','Lecteur/lectrice assidu(e) à la BnF.','ING2026','2024-09-15','1'),
(7,'Picasso','Sara','sara.picasso7','sara.picasso@efrei.fr','81dc9bdb52d04dc20036dbd8313ed055','https://cdn.site.com/avatars/7.jpg','Fan du Musée d''Orsay et du Louvre.','ING2025','2024-09-16','1'),
(8,'Hokusai','Kenji','kenji.hokusai8','kenji.hokusai@efrei.fr','900150983cd24fb0d6963f7d28e17f72','https://cdn.site.com/avatars/8.jpg','Amateur/amatrice de photo au Centre Pompidou.','DS2026','2024-09-17','1'),
(9,'Durer','Mina','mina.durer9','mina.durer@efrei.fr','202cb962ac59075b964b07152d234b70','https://cdn.site.com/avatars/9.jpg','Fan du Musée d''Orsay et du Louvre.','ING2026','2024-09-18','1'),
(10,'Gauguin','Amin','amin.gauguin10','amin.gauguin@efrei.fr','d8578edf8458ce06fbc5bb76a58c5ca4','https://cdn.site.com/avatars/10.jpg','Fan du Musée d''Orsay et du Louvre.','IA2027','2024-09-19','1'),
(11,'Soulages','Clara','clara.soulages11','clara.soulages@efrei.fr','25d55ad283aa400af464c76d713c07ad','https://cdn.site.com/avatars/11.jpg','Amateur/amatrice de photo au Centre Pompidou.','ING2025','2024-09-20','1'),
(12,'Morandi','Noah','noah.morandi12','noah.morandi@efrei.fr','e99a18c428cb38d5f260853678922e03','https://cdn.site.com/avatars/12.jpg','Lecteur/lectrice assidu(e) à la BnF.','ING2025','2024-09-21','1'),
(13,'Bacon','Ines','ines.bacon13','ines.bacon@efrei.fr','7c6a180b36896a0a8c02787eeafb0e4c','https://cdn.site.com/avatars/13.jpg','Passionné(e) par les musées et la data.','IA2027','2024-09-22','1'),
(14,'Hiroshige','Hugo','hugo.hiroshige14','hugo.hiroshige@efrei.fr','6cb75f652a9b52798eb6cf2201057c73','https://cdn.site.com/avatars/14.jpg','Fan du Musée d''Orsay et du Louvre.','IA2027','2024-09-23','1'),
(15,'Courbet','Aya','aya.courbet15','aya.courbet@efrei.fr','1f3870be274f6c49b3e31a0c6728957f','https://cdn.site.com/avatars/15.jpg','Lecteur/lectrice assidu(e) à la BnF.','DS2026','2024-09-24','1'),
(16,'Manet','Youssef','youssef.manet16','youssef.manet@efrei.fr','b2e98ad6f6eb8508dd6a14cfa704bad7','https://cdn.site.com/avatars/16.jpg','Fan du Musée d''Orsay et du Louvre.','ING2026','2024-09-25','1'),
(17,'Turner','Fatou','fatou.turner17','fatou.turner@efrei.fr','8d9c307cb7f3c4a32822a51922d1ceaa','https://cdn.site.com/avatars/17.jpg','Fan du Musée d''Orsay et du Louvre.','IA2027','2024-09-26','1'),
(18,'Giacometti','Rayan','rayan.giacometti18','rayan.giacometti@efrei.fr','f25a2fc72690b780b2a14e140ef6a9e0','https://cdn.site.com/avatars/18.jpg','Passionné(e) par les musées et la data.','ING2027','2024-09-27','1'),
(19,'Kandinsky','Lea','lea.kandinsky19','lea.kandinsky@efrei.fr','fcea920f7412b5da7be0cf42b8c93759','https://cdn.site.com/avatars/19.jpg','Amateur/amatrice de photo au Centre Pompidou.','ING2026','2024-09-28','1'),
(20,'Seurat','Diego','diego.seurat20','diego.seurat@efrei.fr','6f1ed002ab5595859014ebf0951522d9','https://cdn.site.com/avatars/20.jpg','Lecteur/lectrice assidu(e) à la BnF.','ING2025','2024-09-29','1'),
(21,'Klee','Yuna','yuna.klee21','yuna.klee@efrei.fr','3c59dc048e8850243be8079a5c74d079','https://cdn.site.com/avatars/21.jpg','Lecteur/lectrice assidu(e) à la BnF.','ING2027','2024-09-30','1'),
(22,'Chagall','Mei','mei.chagall22','mei.chagall@efrei.fr','34173cb38f07f89ddbebc2ac9128303f','https://cdn.site.com/avatars/22.jpg','Lecteur/lectrice assidu(e) à la BnF.','ING2026','2024-10-01','1'),
(23,'Degas','Omar','omar.degas23','omar.degas@efrei.fr','45c48cce2e2d7fbdea1afc51c7c6ad26','https://cdn.site.com/avatars/23.jpg','Fan du Musée d''Orsay et du Louvre.','IA2027','2024-10-02','1'),
(24,'Renoir','Lina','lina.renoir24','lina.renoir@efrei.fr','6512bd43d9caa6e02c990b0a82652dca','https://cdn.site.com/avatars/24.jpg','Lecteur/lectrice assidu(e) à la BnF.','ING2026','2024-10-03','1'),
(25,'Miro','Ethan','ethan.miro25','ethan.miro@efrei.fr','c20ad4d76fe97759aa27a0c99bff6710','https://cdn.site.com/avatars/25.jpg','Intéressé(e) par l''IA, SQL et la visualisation.','ING2025','2024-10-04','1'),
(26,'VanGogh','Maya','maya.vangogh26','maya.vangogh@efrei.fr','c51ce410c124a10e0db5e4b97fc2af39','https://cdn.site.com/avatars/26.jpg','Lecteur/lectrice assidu(e) à la BnF.','ING2025','2024-10-05','1'),
(27,'Vermeer','Nabil','nabil.vermeer27','nabil.vermeer@efrei.fr','aab3238922bcc25a6f606eb525ffdc56','https://cdn.site.com/avatars/27.jpg','Lecteur/lectrice assidu(e) à la BnF.','ING2025','2024-10-06','1'),
(28,'Raphael','Sofia','sofia.raphael28','sofia.raphael@efrei.fr','9bf31c7ff062936a96d3c8bd1f8f2ff3','https://cdn.site.com/avatars/28.jpg','Lecteur/lectrice assidu(e) à la BnF.','ING2026','2024-10-07','1'),
(29,'Caravaggio','Eli','eli.caravaggio29','eli.caravaggio@efrei.fr','c74d97b01eae257e44aa9d5bade97baf','https://cdn.site.com/avatars/29.jpg','Amateur/amatrice de photo au Centre Pompidou.','IA2027','2024-10-08','1'),
(30,'Titian','Rania','rania.titian30','rania.titian@efrei.fr','70efdf2ec9b086079795c442636b55fb','https://cdn.site.com/avatars/30.jpg','Amateur/amatrice de photo au Centre Pompidou.','ING2027','2024-10-09','1'),
(31,'ElGreco','Louis','louis.elgreco31','louis.elgreco@efrei.fr','6ea9ab1baa0efb9e19094440c317e21b','https://cdn.site.com/avatars/31.jpg','Amateur/amatrice de photo au Centre Pompidou.','IA2027','2024-10-10','1'),
(32,'Uccello','Amina','amina.uccello32','amina.uccello@efrei.fr','1f0e3dad99908345f7439f8ffabdffc4','https://cdn.site.com/avatars/32.jpg','Amateur/amatrice de photo au Centre Pompidou.','ING2027','2024-10-11','1'),
(33,'Bruegel','Thiago','thiago.bruegel33','thiago.bruegel@efrei.fr','98f13708210194c475687be6106a3b84','https://cdn.site.com/avatars/33.jpg','Intéressé(e) par l''IA, SQL et la visualisation.','ING2026','2024-10-12','1'),
(34,'Whistler','Iris','iris.whistler34','iris.whistler@efrei.fr','3ef815416f775098fe977004015c6193','https://cdn.site.com/avatars/34.jpg','Passionné(e) par les musées et la data.','ING2026','2024-10-13','1'),
(35,'Mondrian','Salim','salim.mondrian35','salim.mondrian@efrei.fr','e1671797c52e15f763380b45e841ec32','https://cdn.site.com/avatars/35.jpg','Fan du Musée d''Orsay et du Louvre.','IA2027','2024-10-14','1'),
(36,'Goya','Yara','yara.goya36','yara.goya@efrei.fr','2db95e8e1a9267b7a1188556b2013b33','https://cdn.site.com/avatars/36.jpg','Intéressé(e) par l''IA, SQL et la visualisation.','IA2027','2024-09-10','1'),
(37,'Constable','Paul','paul.constable37','paul.constable@efrei.fr','f4b9ec30ad9f68f89b29639786cb62ef','https://cdn.site.com/avatars/37.jpg','Amateur/amatrice de photo au Centre Pompidou.','ING2027','2024-09-11','1'),
(38,'Botticelli','Jin','jin.botticelli38','jin.botticelli@efrei.fr','812b4ba287f5ee0bc9d43bbf5bbe87fb','https://cdn.site.com/avatars/38.jpg','Amateur/amatrice de photo au Centre Pompidou.','ING2027','2024-09-12','1'),
(39,'Donatello','Moussa','moussa.donatello39','moussa.donatello@efrei.fr','c9f0f895fb98ab9159f51fd0297e236d','https://cdn.site.com/avatars/39.jpg','Lecteur/lectrice assidu(e) à la BnF.','ING2025','2024-09-13','1'),
(40,'Rembrandt','Anna','anna.rembrandt40','anna.rembrandt@efrei.fr','a5bfc9e07964f8dddeb95fc584cd965d','https://cdn.site.com/avatars/40.jpg','Fan du Musée d''Orsay et du Louvre.','IA2027','2024-09-14','1'),
(41,'Rubens','Luca','luca.rubens41','luca.rubens@efrei.fr','8ce4b16b22b58894aa86c421e8759df3','https://cdn.site.com/avatars/41.jpg','Amateur/amatrice de photo au Centre Pompidou.','ING2026','2024-09-15','1'),
(42,'Poussin','Mia','mia.poussin42','mia.poussin@efrei.fr','4e732ced3463d06de0ca9a15b6153677','https://cdn.site.com/avatars/42.jpg','Intéressé(e) par l''IA, SQL et la visualisation.','ING2026','2024-09-16','1'),
(43,'Delacroix','Leo','leo.delacroix43','leo.delacroix@efrei.fr','02e74f10e0327ad868d138f2b4fdd6f0','https://cdn.site.com/avatars/43.jpg','Amateur/amatrice de photo au Centre Pompidou.','DS2026','2024-09-17','1'),
(44,'Lautrec','Nora','nora.lautrec44','nora.lautrec@efrei.fr','33e75ff09dd601bbe69f351039152189','https://cdn.site.com/avatars/44.jpg','Fan du Musée d''Orsay et du Louvre.','ING2025','2024-09-18','1'),
(45,'Munch','Ivan','ivan.munch45','ivan.munch@efrei.fr','6c8349cc7260ae62e3b1396831a8398f','https://cdn.site.com/avatars/45.jpg','Lecteur/lectrice assidu(e) à la BnF.','IA2027','2024-09-19','1'),
(46,'Fragonard','Emma','emma.fragonard46','emma.fragonard@insa-lyon.fr','e4da3b7fbbce2345d7772b0674a318d5','https://cdn.site.com/avatars/46.jpg','Intéressé(e) par l''IA, SQL et la visualisation.','ING2027','2024-09-20','5'),
(47,'Ingres','Owen','owen.ingres47','owen.ingres@ensad.fr','3416a75f4cea9109507cacd8e2f2aefc','https://cdn.site.com/avatars/47.jpg','Fan du Musée d''Orsay et du Louvre.','ING2025','2024-09-21','4'),
(48,'Bernini','Sofia2','sofia2.bernini48','sofia2.bernini@ensad.fr','72b302bf297a228a75730123efef7c41','https://cdn.site.com/avatars/48.jpg','Fan du Musée d''Orsay et du Louvre.','ING2025','2024-09-22','4'),
(49,'Cranach','Noah2','noah2.cranach49','noah2.cranach@ensad.fr','1c383cd30b7c298ab50293adfecb7b18','https://cdn.site.com/avatars/49.jpg','Intéressé(e) par l''IA, SQL et la visualisation.','DS2026','2024-09-23','4'),
(50,'Velazquez','Yasmin','yasmin.velazquez50','yasmin.velazquez@upcite.fr','3a3ea00cfc35332cedf6e5e9a32e94da','https://cdn.site.com/avatars/50.jpg','Amateur/amatrice de photo au Centre Pompidou.','ING2027','2024-09-24','3'),
(51,'Bellini','Marco','marco.bellini51','marco.bellini@upcite.fr','c16a5320fa475530d9583c34fd356ef5','https://cdn.site.com/avatars/51.jpg','Amateur/amatrice de photo au Centre Pompidou.','ING2025','2024-09-25','3'),
(52,'Carracci','Maya2','maya2.carracci52','maya2.carracci@insa-lyon.fr','28dd2c7955ce926456240b2ff0100bde','https://cdn.site.com/avatars/52.jpg','Passionné(e) par les musées et la data.','ING2026','2024-09-26','5'),
(53,'Guardia','Adil','adil.guardia53','adil.guardia@ensad.fr','e369853df766fa44e1ed0ff613f563bd','https://cdn.site.com/avatars/53.jpg','Amateur/amatrice de photo au Centre Pompidou.','ING2025','2024-09-27','3'),
(54,'Corot','Iris2','iris2.corot54','iris2.corot@ensad.fr','7f39f8317fbdb1988ef4c628eba02591','https://cdn.site.com/avatars/54.jpg','Amateur/amatrice de photo au Centre Pompidou.','IA2027','2024-09-28','4'),
(55,'Hobbes','Omar2','omar2.hobbes55','omar2.hobbes@sorbonne.fr','d2ddea18f00665ce8623e36bd4e3c7c5','https://cdn.site.com/avatars/55.jpg','Amateur/amatrice de photo au Centre Pompidou.','IA2027','2024-09-29','4'),
(56,'Hodler','Lea2','lea2.hodler56','lea2.hodler@ensad.fr','b6d767d2f8ed5d21a44b0e5886680cb9','https://cdn.site.com/avatars/56.jpg','Intéressé(e) par l''IA, SQL et la visualisation.','DS2026','2024-09-30','3'),
(57,'Sorolla','Kenji2','kenji2.sorolla57','kenji2.sorolla@sorbonne.fr','37693cfc748049e45d87b8c7d8b9aacd','https://cdn.site.com/avatars/57.jpg','Fan du Musée d''Orsay et du Louvre.','ING2026','2024-10-01','3'),
(58,'Hopper','Aya2','aya2.hopper58','aya2.hopper@sorbonne.fr','1ff1de774005f8da13f42943881c655f','https://cdn.site.com/avatars/58.jpg','Passionné(e) par les musées et la data.','ING2025','2024-10-02','5'),
(59,'Monet','Alice','alice.monet59','alice.monet@sorbonne.fr','8e296a067a37563370ded05f5a3bf3ec','https://cdn.site.com/avatars/59.jpg','Intéressé(e) par l''IA, SQL et la visualisation.','ING2027','2024-10-03','2'),
(60,'Rodin','Karim','karim.rodin60','karim.rodin@sorbonne.fr','4b43b0aee35624cd95b910189b3dc231','https://cdn.site.com/avatars/60.jpg','Amateur/amatrice de photo au Centre Pompidou.','IA2027','2024-10-04','4');

-- 3) GROUPES (15)
INSERT INTO groupe (id_groupe, nom_groupe, type_groupe, creation_groupe, id_etablissement) VALUES
(1,'Club Informatique','Culture','2023-10-04','1'),
(2,'Association Photo','Jeux vidéo','2023-10-07','1'),
(3,'Atelier Jeux Vidéo','Sport','2023-10-10','1'),
(4,'Runners EFREI','Informatique','2023-10-13','1'),
(5,'Data & IA','Informatique','2023-10-16','1'),
(6,'Cinéma & Musées','Informatique','2023-10-19','1'),
(7,'Échecs Campus','Informatique','2023-10-22','1'),
(8,'Robotique','Informatique','2023-10-25','1'),
(9,'EFREI Musique','Sport','2023-10-28','1'),
(10,'EFREI International','Informatique','2023-10-31','1'),
(11,'UPCITE Sport','Informatique','2023-11-03','2'),
(12,'Sorbonne Littérature','Sport','2023-11-06','3'),
(13,'INSA DevOps','Jeux vidéo','2023-11-09','4'),
(14,'ENSAD Design','Sport','2023-11-12','5'),
(15,'EFREI Esports','Jeux vidéo','2023-11-15','1');

-- 4) PUBLICATIONS (80) – thème informatique
INSERT INTO publication (id_publication, texte_publication, creation_post, maj_post, id_profil) VALUES
(1,'TD SQL: jointures internes et externes. Nous partageons nos scripts sur Git. Bonne pratique et revues de code.','2024-11-01',NULL,8),
(2,'CI/CD: pipeline avec tests unitaires. Déploiement bleu/vert testé au labo. Retour d''expérience positif.','2024-11-01','2024-11-05',1),
(3,'Atelier Data & IA: régression, métriques et validation croisée. Résultats encourageants sur un jeu EFREI.','2024-11-02','2024-11-02',24),
(4,'DevOps: conteneurs Docker et orchestration. Introduction à Kubernetes et bonnes pratiques.','2024-11-02',NULL,55),
(5,'Cyber: sensibilisation MFA et phishing. Mise en place d''alertes et checklist sécurité pour le club.','2024-11-03','2024-11-06',23),
(6,'Réseaux: TP routage et VLAN. Diagrammes et schémas partagés sur le drive de la promo.','2024-11-03','2024-11-06',32),
(7,'Web: accessibilité et performance. Audit Lighthouse et corrections de base pour un mini-site.','2024-11-04',NULL,20),
(8,'Robotique: capteurs et microcontrôleurs. Première démo du châssis fonctionnel au club.','2024-11-04','2024-11-07',22),
(9,'MLOps: suivi de modèles et monitoring. Export de métriques et tableau de bord simple.','2024-11-05','2024-11-06',48),
(10,'Cloud: stockage objet et CDN. Mise en cache des médias du projet et mesure des latences.','2024-11-05',NULL,54),
(11,'TD SQL: jointures internes et externes. Nous partageons nos scripts sur Git. Bonne pratique et revues de code.','2024-11-06','2024-11-08',2),
(12,'CI/CD: pipeline avec tests unitaires. Déploiement bleu/vert testé au labo. Retour d''expérience positif.','2024-11-06',NULL,59),
(13,'Atelier Data & IA: régression, métriques et validation croisée. Résultats encourageants sur un jeu EFREI.','2024-11-07',NULL,54),
(14,'DevOps: conteneurs Docker et orchestration. Introduction à Kubernetes et bonnes pratiques.','2024-11-07','2024-11-11',15),
(15,'Cyber: sensibilisation MFA et phishing. Mise en place d''alertes et checklist sécurité pour le club.','2024-11-08','2024-11-09',15),
(16,'Réseaux: TP routage et VLAN. Diagrammes et schémas partagés sur le drive de la promo.','2024-11-08',NULL,59),
(17,'Web: accessibilité et performance. Audit Lighthouse et corrections de base pour un mini-site.','2024-11-09','2024-11-11',49),
(18,'Robotique: capteurs et microcontrôleurs. Première démo du châssis fonctionnel au club.','2024-11-09','2024-11-12',2),
(19,'MLOps: suivi de modèles et monitoring. Export de métriques et tableau de bord simple.','2024-11-10','2024-11-12',45),
(20,'Cloud: stockage objet et CDN. Mise en cache des médias du projet et mesure des latences.','2024-11-10','2024-11-12',23),
(21,'TD SQL: jointures internes et externes. Nous partageons nos scripts sur Git. Bonne pratique et revues de code.','2024-11-11',NULL,7),
(22,'CI/CD: pipeline avec tests unitaires. Déploiement bleu/vert testé au labo. Retour d''expérience positif.','2024-11-11','2024-11-15',14),
(23,'Atelier Data & IA: régression, métriques et validation croisée. Résultats encourageants sur un jeu EFREI.','2024-11-12','2024-11-14',53),
(24,'DevOps: conteneurs Docker et orchestration. Introduction à Kubernetes et bonnes pratiques.','2024-11-12','2024-11-12',6),
(25,'Cyber: sensibilisation MFA et phishing. Mise en place d''alertes et checklist sécurité pour le club.','2024-11-13','2024-11-14',58),
(26,'Réseaux: TP routage et VLAN. Diagrammes et schémas partagés sur le drive de la promo.','2024-11-13',NULL,12),
(27,'Web: accessibilité et performance. Audit Lighthouse et corrections de base pour un mini-site.','2024-11-14','2024-11-17',6),
(28,'Robotique: capteurs et microcontrôleurs. Première démo du châssis fonctionnel au club.','2024-11-14','2024-11-15',6),
(29,'MLOps: suivi de modèles et monitoring. Export de métriques et tableau de bord simple.','2024-11-15',NULL,46),
(30,'Cloud: stockage objet et CDN. Mise en cache des médias du projet et mesure des latences.','2024-11-15','2024-11-19',58),
(31,'TD SQL: jointures internes et externes. Nous partageons nos scripts sur Git. Bonne pratique et revues de code.','2024-11-16','2024-11-18',53),
(32,'CI/CD: pipeline avec tests unitaires. Déploiement bleu/vert testé au labo. Retour d''expérience positif.','2024-11-16',NULL,36),
(33,'Atelier Data & IA: régression, métriques et validation croisée. Résultats encourageants sur un jeu EFREI.','2024-11-17',NULL,42),
(34,'DevOps: conteneurs Docker et orchestration. Introduction à Kubernetes et bonnes pratiques.','2024-11-17',NULL,9),
(35,'Cyber: sensibilisation MFA et phishing. Mise en place d''alertes et checklist sécurité pour le club.','2024-11-18','2024-11-18',59),
(36,'Réseaux: TP routage et VLAN. Diagrammes et schémas partagés sur le drive de la promo.','2024-11-18','2024-11-22',19),
(37,'Web: accessibilité et performance. Audit Lighthouse et corrections de base pour un mini-site.','2024-11-19',NULL,35),
(38,'Robotique: capteurs et microcontrôleurs. Première démo du châssis fonctionnel au club.','2024-11-19','2024-11-23',23),
(39,'MLOps: suivi de modèles et monitoring. Export de métriques et tableau de bord simple.','2024-11-20',NULL,54),
(40,'Cloud: stockage objet et CDN. Mise en cache des médias du projet et mesure des latences.','2024-11-20',NULL,54),
(41,'TD SQL: jointures internes et externes. Nous partageons nos scripts sur Git. Bonne pratique et revues de code.','2024-11-21',NULL,33),
(42,'CI/CD: pipeline avec tests unitaires. Déploiement bleu/vert testé au labo. Retour d''expérience positif.','2024-11-21','2024-11-22',12),
(43,'Atelier Data & IA: régression, métriques et validation croisée. Résultats encourageants sur un jeu EFREI.','2024-11-22','2024-11-22',31),
(44,'DevOps: conteneurs Docker et orchestration. Introduction à Kubernetes et bonnes pratiques.','2024-11-22','2024-11-26',21),
(45,'Cyber: sensibilisation MFA et phishing. Mise en place d''alertes et checklist sécurité pour le club.','2024-11-23','2024-11-23',7),
(46,'Réseaux: TP routage et VLAN. Diagrammes et schémas partagés sur le drive de la promo.','2024-11-23',NULL,18),
(47,'Web: accessibilité et performance. Audit Lighthouse et corrections de base pour un mini-site.','2024-11-24','2024-11-24',29),
(48,'Robotique: capteurs et microcontrôleurs. Première démo du châssis fonctionnel au club.','2024-11-24','2024-11-28',40),
(49,'MLOps: suivi de modèles et monitoring. Export de métriques et tableau de bord simple.','2024-11-25',NULL,45),
(50,'Cloud: stockage objet et CDN. Mise en cache des médias du projet et mesure des latences.','2024-11-25','2024-11-26',31),
(51,'TD SQL: jointures internes et externes. Nous partageons nos scripts sur Git. Bonne pratique et revues de code.','2024-11-26','2024-11-27',17),
(52,'CI/CD: pipeline avec tests unitaires. Déploiement bleu/vert testé au labo. Retour d''expérience positif.','2024-11-26',NULL,48),
(53,'Atelier Data & IA: régression, métriques et validation croisée. Résultats encourageants sur un jeu EFREI.','2024-11-27',NULL,21),
(54,'DevOps: conteneurs Docker et orchestration. Introduction à Kubernetes et bonnes pratiques.','2024-11-27',NULL,5),
(55,'Cyber: sensibilisation MFA et phishing. Mise en place d''alertes et checklist sécurité pour le club.','2024-11-28','2024-11-29',8),
(56,'Réseaux: TP routage et VLAN. Diagrammes et schémas partagés sur le drive de la promo.','2024-11-28','2024-11-29',56),
(57,'Web: accessibilité et performance. Audit Lighthouse et corrections de base pour un mini-site.','2024-11-29','2024-11-30',9),
(58,'Robotique: capteurs et microcontrôleurs. Première démo du châssis fonctionnel au club.','2024-11-29',NULL,7),
(59,'MLOps: suivi de modèles et monitoring. Export de métriques et tableau de bord simple.','2024-11-30','2024-12-01',43),
(60,'Cloud: stockage objet et CDN. Mise en cache des médias du projet et mesure des latences.','2024-11-30',NULL,33),
(61,'TD SQL: jointures internes et externes. Nous partageons nos scripts sur Git. Bonne pratique et revues de code.','2024-12-01',NULL,23),
(62,'CI/CD: pipeline avec tests unitaires. Déploiement bleu/vert testé au labo. Retour d''expérience positif.','2024-12-01',NULL,2),
(63,'Atelier Data & IA: régression, métriques et validation croisée. Résultats encourageants sur un jeu EFREI.','2024-12-02',NULL,2),
(64,'DevOps: conteneurs Docker et orchestration. Introduction à Kubernetes et bonnes pratiques.','2024-12-02','2024-12-02',19),
(65,'Cyber: sensibilisation MFA et phishing. Mise en place d''alertes et checklist sécurité pour le club.','2024-12-03','2024-12-03',15),
(66,'Réseaux: TP routage et VLAN. Diagrammes et schémas partagés sur le drive de la promo.','2024-12-03',NULL,18),
(67,'Web: accessibilité et performance. Audit Lighthouse et corrections de base pour un mini-site.','2024-12-04','2024-12-07',18),
(68,'Robotique: capteurs et microcontrôleurs. Première démo du châssis fonctionnel au club.','2024-12-04','2024-12-06',56),
(69,'MLOps: suivi de modèles et monitoring. Export de métriques et tableau de bord simple.','2024-12-05','2024-12-09',35),
(70,'Cloud: stockage objet et CDN. Mise en cache des médias du projet et mesure des latences.','2024-12-05',NULL,21),
(71,'TD SQL: jointures internes et externes. Nous partageons nos scripts sur Git. Bonne pratique et revues de code.','2024-12-06',NULL,45),
(72,'CI/CD: pipeline avec tests unitaires. Déploiement bleu/vert testé au labo. Retour d''expérience positif.','2024-12-06','2024-12-06',50),
(73,'Atelier Data & IA: régression, métriques et validation croisée. Résultats encourageants sur un jeu EFREI.','2024-12-07','2024-12-08',47),
(74,'DevOps: conteneurs Docker et orchestration. Introduction à Kubernetes et bonnes pratiques.','2024-12-07','2024-12-09',8),
(75,'Cyber: sensibilisation MFA et phishing. Mise en place d''alertes et checklist sécurité pour le club.','2024-12-08','2024-12-10',52),
(76,'Réseaux: TP routage et VLAN. Diagrammes et schémas partagés sur le drive de la promo.','2024-12-08','2024-12-09',3),
(77,'Web: accessibilité et performance. Audit Lighthouse et corrections de base pour un mini-site.','2024-12-09',NULL,48),
(78,'Robotique: capteurs et microcontrôleurs. Première démo du châssis fonctionnel au club.','2024-12-09','2024-12-13',20),
(79,'MLOps: suivi de modèles et monitoring. Export de métriques et tableau de bord simple.','2024-12-10',NULL,19),
(80,'Cloud: stockage objet et CDN. Mise en cache des médias du projet et mesure des latences.','2024-12-10',NULL,18);

-- 5) MEDIA (30)
INSERT INTO media (id_media, url_media, id_publication) VALUES
(1,'https://cdn.site.com/image1.jpg',3),
(2,'https://cdn.site.com/image2.jpg',33),
(3,'https://cdn.site.com/image3.jpg',5),
(4,'https://cdn.site.com/image4.jpg',2),
(5,'https://cdn.site.com/image5.jpg',3),
(6,'https://cdn.site.com/image6.jpg',65),
(7,'https://cdn.site.com/image7.jpg',71),
(8,'https://cdn.site.com/image8.jpg',25),
(9,'https://cdn.site.com/image9.jpg',66),
(10,'https://cdn.site.com/image10.jpg',61),
(11,'https://cdn.site.com/image11.jpg',32),
(12,'https://cdn.site.com/image12.jpg',58),
(13,'https://cdn.site.com/image13.jpg',14),
(14,'https://cdn.site.com/image14.jpg',56),
(15,'https://cdn.site.com/image15.jpg',64),
(16,'https://cdn.site.com/image16.jpg',70),
(17,'https://cdn.site.com/image17.jpg',51),
(18,'https://cdn.site.com/image18.jpg',65),
(19,'https://cdn.site.com/image19.jpg',40),
(20,'https://cdn.site.com/image20.jpg',28),
(21,'https://cdn.site.com/image21.jpg',30),
(22,'https://cdn.site.com/image22.jpg',44),
(23,'https://cdn.site.com/image23.jpg',26),
(24,'https://cdn.site.com/image24.jpg',18),
(25,'https://cdn.site.com/image25.jpg',52),
(26,'https://cdn.site.com/image26.jpg',45),
(27,'https://cdn.site.com/image27.jpg',7),
(28,'https://cdn.site.com/image28.jpg',17),
(29,'https://cdn.site.com/image29.jpg',2),
(30,'https://cdn.site.com/image30.jpg',10);

-- 6) COMMENTAIRES (100) – cohérents et numérotés par publication
INSERT INTO commentaire (id_publication, id_commentaire, texte_commentaire, creation_commentaire, id_profil) VALUES
(1,1,'Intéressant pour progresser en SQL.','2024-11-02',41),
(1,2,'On peut partager des requêtes exemples ?','2024-11-02',48),
(1,3,'Très utile pour le projet EFREI.','2024-11-02',57),
(1,4,'Je note les jointures pour la révision.','2024-11-02',17),
(1,5,'Merci pour les scripts !','2024-11-02',28),
(2,1,'Le pipeline est clair.','2024-11-02',11),
(2,2,'On ajoute des tests d''intégration ?','2024-11-02',4),
(2,3,'Super idée le bleu/vert.','2024-11-02',6),
(2,4,'On documente le workflow ?','2024-11-02',43),
(2,5,'Je peux relire le YAML.','2024-11-02',54),
(3,1,'Les métriques sont bien choisies.','2024-11-03',25),
(3,2,'On compare RMSE/MAPE ?','2024-11-03',56),
(3,3,'Top pour la cross-validation.','2024-11-03',33),
(3,4,'Ça mérite un notebook partagé.','2024-11-03',43),
(3,5,'Je propose une baseline simple.','2024-11-03',19),
(4,1,'Docker c''est pratique.','2024-11-03',39),
(4,2,'K8s à approfondir.','2024-11-03',16),
(4,3,'On peut ajouter un Makefile.','2024-11-03',45),
(4,4,'Qui gère l''orchestration ?','2024-11-03',19),
(4,5,'Je fournis un compose minimal.','2024-11-03',3),
(5,1,'Checklist très utile.','2024-11-04',30),
(5,2,'Je mets en place MFA.','2024-11-04',12),
(5,3,'On simule un phishing ?','2024-11-04',11),
(5,4,'Bon rappel sécurité.','2024-11-04',18),
(5,5,'Je partage un guide court.','2024-11-04',29),
(6,1,'Les schémas réseau aident.','2024-11-04',1),
(6,2,'On normalise les VLANs ?','2024-11-04',17),
(6,3,'Qui rédige le diagramme ?','2024-11-04',24),
(6,4,'Je fais un export PDF.','2024-11-04',22),
(6,5,'On révise le routage.','2024-11-04',36),
(7,1,'Audit utile.','2024-11-05',21),
(7,2,'On passe au score 90+ ?','2024-11-05',16),
(7,3,'Accessibilité: contrastes à revoir.','2024-11-05',3),
(7,4,'Je corrige le HTML.','2024-11-05',57),
(7,5,'On minifie le CSS.','2024-11-05',20),
(8,1,'Bravo pour la démo robot.','2024-11-05',14),
(8,2,'Capteurs bien calibrés.','2024-11-05',23),
(8,3,'Le châssis est solide.','2024-11-05',12),
(8,4,'On teste la vitesse ?','2024-11-05',1),
(8,5,'J''apporte une batterie.','2024-11-05',22),
(9,1,'Monitoring très pertinent.','2024-11-06',25),
(9,2,'On trace les dérives ?','2024-11-06',6),
(9,3,'Quel backend métriques ?','2024-11-06',31),
(9,4,'Je fais un dashboard.','2024-11-06',18),
(9,5,'Alerte en cas de chute d''AUC.','2024-11-06',33),
(10,1,'CDN efficace.','2024-11-06',42),
(10,2,'Latence en baisse.','2024-11-06',13),
(10,3,'On ajoute du cache ?','2024-11-06',16),
(10,4,'Je mesure les perfs.','2024-11-06',33),
(10,5,'Bonne doc sur le cloud.','2024-11-06',50),
(11,1,'Intéressant pour progresser en SQL.','2024-11-07',1),
(11,2,'On peut partager des requêtes exemples ?','2024-11-07',6),
(11,3,'Très utile pour le projet EFREI.','2024-11-07',17),
(11,4,'Je note les jointures pour la révision.','2024-11-07',53),
(11,5,'Merci pour les scripts !','2024-11-07',6),
(12,1,'Le pipeline est clair.','2024-11-07',10),
(12,2,'On ajoute des tests d''intégration ?','2024-11-07',26),
(12,3,'Super idée le bleu/vert.','2024-11-07',38),
(12,4,'On documente le workflow ?','2024-11-07',3),
(12,5,'Je peux relire le YAML.','2024-11-07',26),
(13,1,'Les métriques sont bien choisies.','2024-11-08',2),
(13,2,'On compare RMSE/MAPE ?','2024-11-08',20),
(13,3,'Top pour la cross-validation.','2024-11-08',20),
(13,4,'Ça mérite un notebook partagé.','2024-11-08',41),
(13,5,'Je propose une baseline simple.','2024-11-08',15),
(14,1,'Docker c''est pratique.','2024-11-08',6),
(14,2,'K8s à approfondir.','2024-11-08',38),
(14,3,'On peut ajouter un Makefile.','2024-11-08',34),
(14,4,'Qui gère l''orchestration ?','2024-11-08',55),
(14,5,'Je fournis un compose minimal.','2024-11-08',49),
(15,1,'Checklist très utile.','2024-11-09',10),
(15,2,'Je mets en place MFA.','2024-11-09',43),
(15,3,'On simule un phishing ?','2024-11-09',58),
(15,4,'Bon rappel sécurité.','2024-11-09',46),
(15,5,'Je partage un guide court.','2024-11-09',51),
(16,1,'Les schémas réseau aident.','2024-11-09',57),
(16,2,'On normalise les VLANs ?','2024-11-09',39),
(16,3,'Qui rédige le diagramme ?','2024-11-09',25),
(16,4,'Je fais un export PDF.','2024-11-09',49),
(16,5,'On révise le routage.','2024-11-09',21),
(17,1,'Audit utile.','2024-11-10',47),
(17,2,'On passe au score 90+ ?','2024-11-10',32),
(17,3,'Accessibilité: contrastes à revoir.','2024-11-10',10),
(17,4,'Je corrige le HTML.','2024-11-10',19),
(17,5,'On minifie le CSS.','2024-11-10',47),
(18,1,'Bravo pour la démo robot.','2024-11-10',40),
(18,2,'Capteurs bien calibrés.','2024-11-10',42),
(18,3,'Le châssis est solide.','2024-11-10',10),
(18,4,'On teste la vitesse ?','2024-11-10',3),
(18,5,'J''apporte une batterie.','2024-11-10',53),
(19,1,'Monitoring très pertinent.','2024-11-11',54),
(19,2,'On trace les dérives ?','2024-11-11',46),
(19,3,'Quel backend métriques ?','2024-11-11',58),
(19,4,'Je fais un dashboard.','2024-11-11',33),
(19,5,'Alerte en cas de chute d''AUC.','2024-11-11',41),
(20,1,'CDN efficace.','2024-11-11',28),
(20,2,'Latence en baisse.','2024-11-11',47),
(20,3,'On ajoute du cache ?','2024-11-11',45),
(20,4,'Je mesure les perfs.','2024-11-11',52),
(20,5,'Bonne doc sur le cloud.','2024-11-11',33);

-- 7) RELATION_PROFIL (200)
INSERT INTO relation_profil (id_profil_suiveur, id_profil_suivi, suivi_depuis) VALUES
(9,34,'2025-02-09 17:36:00'),
(2,44,'2024-08-21 12:05:00'),
(2,3,'2023-05-17 14:06:00'),
(25,29,'2024-07-25 09:40:00'),
(2,41,'2024-06-28 12:31:00'),
(17,1,'2024-04-12 10:47:00'),
(33,35,'2023-04-05 17:04:00'),
(31,17,'2025-04-08 10:54:00'),
(17,16,'2025-01-16 12:14:00'),
(42,30,'2024-05-20 15:04:00'),
(31,44,'2023-10-22 09:39:00'),
(41,42,'2023-07-23 10:38:00'),
(10,22,'2023-09-18 13:39:00'),
(37,9,'2023-01-13 16:03:00'),
(32,18,'2025-09-22 10:44:00'),
(14,44,'2024-05-16 13:45:00'),
(34,19,'2024-04-20 16:29:00'),
(8,36,'2023-07-24 13:05:00'),
(31,2,'2023-10-24 16:04:00'),
(33,29,'2023-10-03 15:13:00'),
(14,5,'2024-08-18 10:09:00'),
(34,17,'2025-09-02 14:08:00'),
(39,41,'2024-06-04 13:56:00'),
(8,24,'2023-08-25 16:57:00'),
(32,26,'2023-01-26 11:00:00'),
(32,44,'2024-04-06 15:19:00'),
(10,27,'2023-12-19 15:20:00'),
(8,22,'2023-01-02 14:48:00'),
(22,26,'2023-05-03 12:45:00'),
(1,19,'2023-09-17 14:04:00'),
(26,25,'2025-06-09 10:23:00'),
(28,18,'2025-05-24 09:17:00'),
(7,4,'2025-05-04 13:40:00'),
(10,16,'2025-09-21 13:27:00'),
(33,21,'2023-07-14 14:50:00'),
(28,2,'2025-04-11 15:58:00'),
(14,6,'2023-02-20 15:28:00'),
(40,9,'2024-10-21 13:31:00'),
(4,36,'2023-05-11 11:30:00'),
(27,22,'2023-10-16 13:16:00'),
(42,17,'2024-02-20 12:19:00'),
(31,36,'2024-11-15 15:07:00'),
(11,42,'2023-06-15 10:13:00'),
(33,32,'2024-07-17 12:28:00'),
(22,29,'2024-03-13 11:35:00'),
(13,16,'2023-04-03 11:21:00'),
(36,6,'2023-11-23 12:23:00'),
(17,37,'2023-07-26 09:47:00'),
(27,25,'2024-02-28 17:13:00'),
(25,18,'2023-12-13 09:31:00'),
(18,37,'2025-09-17 14:08:00'),
(44,33,'2024-06-25 12:05:00'),
(18,16,'2024-01-29 15:41:00'),
(29,28,'2025-09-03 13:54:00'),
(2,9,'2023-02-03 15:45:00'),
(31,38,'2024-05-16 09:04:00'),
(26,34,'2025-05-25 16:28:00'),
(16,7,'2023-08-18 11:09:00'),
(34,44,'2023-04-22 16:05:00'),
(36,3,'2023-01-02 11:14:00'),
(37,3,'2024-10-22 13:08:00'),
(41,17,'2024-06-24 15:44:00'),
(8,7,'2023-03-14 13:33:00'),
(38,13,'2024-02-02 13:14:00'),
(39,1,'2023-01-11 17:19:00'),
(30,18,'2025-09-08 14:41:00'),
(16,31,'2024-06-22 12:35:00'),
(16,2,'2025-09-10 15:45:00'),
(42,20,'2023-02-26 09:12:00'),
(17,15,'2024-11-14 15:59:00'),
(24,15,'2024-05-19 09:44:00'),
(22,27,'2024-01-07 15:12:00'),
(14,32,'2025-09-20 12:19:00'),
(13,15,'2024-04-21 12:16:00'),
(19,7,'2025-09-01 16:39:00'),
(12,15,'2024-05-11 15:58:00'),
(43,4,'2025-08-29 11:59:00'),
(26,4,'2023-08-07 09:38:00'),
(26,29,'2025-07-08 14:46:00'),
(8,6,'2025-08-11 11:21:00'),
(13,12,'2024-10-30 17:47:00'),
(30,3,'2023-11-16 15:53:00'),
(24,22,'2024-03-29 11:06:00'),
(1,6,'2023-10-14 10:22:00'),
(27,8,'2024-07-28 12:24:00'),
(23,20,'2025-04-21 15:05:00'),
(4,31,'2023-07-20 14:34:00'),
(29,13,'2023-11-28 14:47:00'),
(41,26,'2023-02-11 15:02:00'),
(30,5,'2025-04-02 09:16:00'),
(13,5,'2025-07-09 14:23:00'),
(18,22,'2025-09-07 09:16:00'),
(45,21,'2025-08-04 13:19:00'),
(1,39,'2025-07-27 10:01:00'),
(15,7,'2024-05-01 16:49:00'),
(25,17,'2025-07-24 15:52:00'),
(32,9,'2025-08-08 16:11:00'),
(1,20,'2025-04-22 11:38:00'),
(16,21,'2025-05-31 14:29:00'),
(24,39,'2023-03-22 17:12:00'),
(26,11,'2023-09-11 15:04:00'),
(42,3,'2024-05-08 17:34:00'),
(21,11,'2024-03-12 10:04:00'),
(17,40,'2023-03-28 12:06:00'),
(27,32,'2024-12-27 16:11:00'),
(15,9,'2024-03-02 16:39:00'),
(44,16,'2025-02-04 17:54:00'),
(43,8,'2025-03-09 13:18:00'),
(17,13,'2024-03-25 12:11:00'),
(10,19,'2025-06-24 12:20:00'),
(5,26,'2023-09-15 12:32:00'),
(34,15,'2024-10-27 10:41:00'),
(15,29,'2025-07-25 14:02:00'),
(19,15,'2023-05-03 09:12:00'),
(39,38,'2023-07-18 10:23:00'),
(33,12,'2024-04-04 13:49:00'),
(43,1,'2023-04-19 14:13:00'),
(3,24,'2023-12-15 11:02:00'),
(14,17,'2023-02-09 12:52:00'),
(1,21,'2024-02-23 14:11:00'),
(40,20,'2023-03-21 12:02:00'),
(32,36,'2024-05-10 10:26:00'),
(7,26,'2024-11-10 17:09:00'),
(41,35,'2023-04-04 11:25:00'),
(45,18,'2024-02-24 13:42:00'),
(20,27,'2025-09-03 09:19:00'),
(37,23,'2024-02-29 15:01:00'),
(24,42,'2023-07-21 15:46:00'),
(26,14,'2025-08-22 09:27:00'),
(11,28,'2023-04-27 10:25:00'),
(37,24,'2024-04-16 11:08:00'),
(1,4,'2024-07-18 11:41:00'),
(26,6,'2024-08-09 14:47:00'),
(33,11,'2023-05-30 14:18:00'),
(11,34,'2023-06-25 10:06:00'),
(25,32,'2025-02-10 12:19:00'),
(9,3,'2025-09-25 16:20:00'),
(4,39,'2025-08-06 15:05:00'),
(40,45,'2025-04-24 11:40:00'),
(15,40,'2024-02-19 12:53:00'),
(31,12,'2024-08-01 12:02:00'),
(8,10,'2023-09-10 12:02:00'),
(36,44,'2023-02-09 14:07:00'),
(25,39,'2024-04-11 17:54:00'),
(41,20,'2024-10-26 15:19:00'),
(38,16,'2024-03-11 15:42:00'),
(24,29,'2024-05-30 16:11:00'),
(2,1,'2024-09-25 16:29:00'),
(16,29,'2025-02-20 16:53:00'),
(12,31,'2024-02-14 10:04:00'),
(9,23,'2024-03-16 14:05:00'),
(29,33,'2024-06-06 09:02:00'),
(41,9,'2023-03-26 14:49:00'),
(33,6,'2023-02-25 17:57:00'),
(25,42,'2025-08-31 11:01:00'),
(5,40,'2025-01-19 10:12:00'),
(9,32,'2023-10-22 11:43:00'),
(15,5,'2025-05-03 14:39:00'),
(17,11,'2023-11-28 13:57:00'),
(30,10,'2023-09-18 17:58:00'),
(31,14,'2024-08-29 13:39:00'),
(33,16,'2023-11-23 14:02:00'),
(60,18,'2024-11-26 14:57:00'),
(25,11,'2025-03-22 13:07:00'),
(50,34,'2023-02-19 14:55:00'),
(29,36,'2024-06-17 10:16:00'),
(35,41,'2025-05-27 15:47:00'),
(52,24,'2023-09-29 15:23:00'),
(37,10,'2024-01-04 14:48:00'),
(6,29,'2023-08-24 11:39:00'),
(48,4,'2023-10-31 17:16:00'),
(20,41,'2025-09-16 14:46:00'),
(1,48,'2023-02-04 12:09:00'),
(19,40,'2024-10-02 15:26:00'),
(33,24,'2025-07-06 09:08:00'),
(32,15,'2024-09-19 09:01:00'),
(4,1,'2024-08-03 14:19:00'),
(7,34,'2024-01-01 17:14:00'),
(27,38,'2023-11-05 11:13:00'),
(24,40,'2025-04-28 16:10:00'),
(9,1,'2025-08-17 12:45:00'),
(10,29,'2023-04-09 10:40:00'),
(10,56,'2024-11-12 13:25:00'),
(52,17,'2025-09-17 09:03:00'),
(42,53,'2024-07-29 14:38:00'),
(42,38,'2024-03-30 17:46:00'),
(32,16,'2023-06-19 09:02:00'),
(4,35,'2023-01-26 15:11:00'),
(16,11,'2023-03-01 10:00:00'),
(40,36,'2024-11-03 12:09:00'),
(27,13,'2024-06-14 17:41:00'),
(42,27,'2025-04-12 11:32:00'),
(20,5,'2023-11-04 09:56:00'),
(47,51,'2024-05-04 17:00:00'),
(25,55,'2024-03-23 16:05:00'),
(48,42,'2024-04-08 11:14:00'),
(7,17,'2023-08-26 09:07:00'),
(22,58,'2025-02-06 13:45:00'),
(4,18,'2024-10-13 17:43:00'),
(28,44,'2025-03-18 17:16:00');

-- 8) REACTION_PUBLICATION (250)
INSERT INTO reaction_publication (id_profil, id_publication, creation_reaction, type_reaction) VALUES
(43,38,'2024-11-22 09:56:00','SAD'),
(12,2,'2024-11-05 11:53:00','ANGRY'),
(11,26,'2024-11-18 11:56:00','WOW'),
(40,43,'2024-11-25 14:58:00','ANGRY'),
(31,69,'2024-12-12 16:44:00','LIKE'),
(54,4,'2024-11-05 17:56:00','HAHA'),
(27,28,'2024-11-23 17:04:00','SAD'),
(10,22,'2024-11-11 08:07:00','LIKE'),
(11,80,'2024-12-15 10:44:00','LIKE'),
(47,4,'2024-11-04 19:41:00','ANGRY'),
(5,6,'2024-11-03 09:54:00','SAD'),
(13,47,'2024-12-02 18:04:00','ANGRY'),
(7,50,'2024-11-28 11:13:00','LIKE'),
(3,5,'2024-11-13 09:52:00','ANGRY'),
(31,37,'2024-11-20 10:06:00','ANGRY'),
(20,27,'2024-11-19 13:27:00','HAHA'),
(23,3,'2024-11-06 12:03:00','ANGRY'),
(21,48,'2024-12-03 16:30:00','HAHA'),
(2,80,'2024-12-16 08:27:00','SAD'),
(49,13,'2024-11-14 19:03:00','SAD'),
(49,73,'2024-12-08 17:52:00','HAHA'),
(29,22,'2024-11-11 16:12:00','HAHA'),
(1,7,'2024-11-09 15:06:00','WOW'),
(33,24,'2024-11-21 13:53:00','SAD'),
(38,34,'2024-11-19 12:52:00','LOVE'),
(52,30,'2024-11-17 09:40:00','LIKE'),
(37,63,'2024-12-03 18:20:00','HAHA'),
(55,13,'2024-11-13 19:05:00','WOW'),
(49,4,'2024-11-05 12:16:00','WOW'),
(34,70,'2024-12-07 14:56:00','ANGRY'),
(60,17,'2024-11-18 20:44:00','SAD'),
(24,5,'2024-11-12 13:33:00','LOVE'),
(44,58,'2024-12-07 19:20:00','LOVE'),
(29,60,'2024-12-04 17:14:00','LOVE'),
(30,43,'2024-12-02 19:15:00','SAD'),
(52,25,'2024-11-17 20:45:00','SAD'),
(10,20,'2024-11-13 19:20:00','SAD'),
(24,67,'2024-12-06 11:20:00','LOVE'),
(7,34,'2024-11-19 18:06:00','LOVE'),
(10,50,'2024-11-27 20:19:00','ANGRY'),
(55,39,'2024-11-24 11:06:00','ANGRY'),
(19,14,'2024-11-10 14:29:00','LIKE'),
(27,2,'2024-11-07 19:14:00','SAD'),
(31,38,'2024-11-19 10:16:00','SAD'),
(47,52,'2024-11-29 14:44:00','SAD'),
(43,76,'2024-12-14 11:42:00','ANGRY'),
(46,75,'2024-12-18 10:41:00','LIKE'),
(28,59,'2024-12-05 12:40:00','ANGRY'),
(26,32,'2024-11-26 10:16:00','WOW'),
(31,62,'2024-12-01 17:54:00','WOW'),
(45,67,'2024-12-14 10:57:00','ANGRY'),
(1,42,'2024-11-27 15:58:00','LIKE'),
(17,5,'2024-11-11 11:10:00','ANGRY'),
(35,26,'2024-11-18 09:54:00','SAD'),
(35,59,'2024-12-03 19:30:00','SAD'),
(42,3,'2024-11-07 16:21:00','WOW'),
(14,59,'2024-12-10 10:25:00','SAD'),
(24,79,'2024-12-20 08:16:00','HAHA'),
(26,49,'2024-11-25 08:04:00','WOW'),
(42,54,'2024-12-07 13:37:00','HAHA'),
(16,14,'2024-11-11 19:25:00','SAD'),
(58,29,'2024-11-22 11:10:00','LOVE'),
(49,9,'2024-11-12 18:35:00','ANGRY'),
(52,29,'2024-11-20 18:40:00','WOW'),
(19,60,'2024-12-08 18:08:00','WOW'),
(15,46,'2024-11-27 19:24:00','ANGRY'),
(28,33,'2024-11-27 10:30:00','LIKE'),
(24,36,'2024-11-21 18:19:00','HAHA'),
(33,62,'2024-12-07 17:40:00','LIKE'),
(10,47,'2024-11-28 14:03:00','LIKE'),
(54,73,'2024-12-09 16:53:00','HAHA'),
(15,2,'2024-11-02 18:18:00','HAHA'),
(7,78,'2024-12-18 10:54:00','LOVE'),
(30,24,'2024-11-17 20:09:00','LOVE'),
(60,52,'2024-11-28 17:57:00','ANGRY'),
(6,78,'2024-12-19 16:50:00','ANGRY'),
(48,39,'2024-11-27 19:13:00','SAD'),
(30,11,'2024-11-16 09:35:00','LIKE'),
(28,34,'2024-11-20 10:30:00','WOW'),
(51,72,'2024-12-13 15:57:00','LOVE'),
(17,63,'2024-12-09 10:34:00','SAD'),
(12,1,'2024-11-06 15:44:00','SAD'),
(44,64,'2024-12-06 15:23:00','WOW'),
(45,54,'2024-11-28 10:40:00','HAHA'),
(3,79,'2024-12-20 19:59:00','HAHA'),
(60,13,'2024-11-14 15:48:00','LOVE'),
(14,5,'2024-11-09 18:08:00','HAHA'),
(32,44,'2024-11-30 16:49:00','LOVE'),
(28,37,'2024-11-24 14:16:00','SAD'),
(19,7,'2024-11-08 13:52:00','WOW'),
(54,52,'2024-12-04 12:55:00','SAD'),
(15,45,'2024-12-03 15:50:00','LIKE'),
(13,43,'2024-11-27 19:19:00','LOVE'),
(42,76,'2024-12-09 20:02:00','WOW'),
(26,71,'2024-12-14 17:03:00','WOW'),
(47,39,'2024-11-20 08:12:00','WOW'),
(44,78,'2024-12-09 20:32:00','SAD'),
(26,79,'2024-12-19 10:40:00','ANGRY'),
(47,77,'2024-12-12 08:42:00','ANGRY'),
(41,59,'2024-12-02 09:42:00','LOVE'),
(28,5,'2024-11-04 18:00:00','HAHA'),
(21,18,'2024-11-17 19:16:00','HAHA'),
(28,24,'2024-11-12 13:01:00','WOW'),
(60,73,'2024-12-07 15:36:00','SAD'),
(8,6,'2024-11-09 17:44:00','WOW'),
(5,58,'2024-11-29 18:24:00','SAD'),
(44,76,'2024-12-10 15:49:00','WOW'),
(7,71,'2024-12-07 18:30:00','LOVE'),
(42,20,'2024-11-10 14:00:00','LIKE'),
(9,28,'2024-11-16 15:01:00','HAHA'),
(13,58,'2024-11-29 13:49:00','ANGRY'),
(6,19,'2024-11-14 18:35:00','ANGRY'),
(31,64,'2024-12-12 12:58:00','LIKE'),
(1,5,'2024-11-03 08:56:00','ANGRY'),
(6,80,'2024-12-16 12:19:00','ANGRY'),
(49,77,'2024-12-16 17:03:00','HAHA'),
(37,48,'2024-12-01 15:43:00','LOVE'),
(8,19,'2024-11-15 18:10:00','ANGRY'),
(32,54,'2024-12-03 20:50:00','WOW'),
(18,38,'2024-11-19 17:41:00','ANGRY'),
(54,77,'2024-12-18 19:00:00','LOVE'),
(58,75,'2024-12-11 14:24:00','ANGRY'),
(39,49,'2024-11-28 20:28:00','HAHA'),
(22,1,'2024-11-05 12:27:00','LOVE'),
(4,76,'2024-12-12 10:51:00','SAD'),
(18,19,'2024-11-18 18:49:00','WOW'),
(36,45,'2024-11-24 16:35:00','WOW'),
(13,49,'2024-11-28 12:38:00','LIKE'),
(31,51,'2024-11-29 12:37:00','LIKE'),
(30,50,'2024-12-03 09:34:00','HAHA'),
(39,51,'2024-12-04 12:56:00','SAD'),
(32,42,'2024-11-29 17:12:00','LOVE'),
(14,28,'2024-11-15 10:51:00','ANGRY'),
(25,38,'2024-11-28 17:22:00','WOW'),
(10,67,'2024-12-07 08:59:00','WOW'),
(7,48,'2024-11-29 18:29:00','LIKE'),
(21,20,'2024-11-19 08:22:00','HAHA'),
(40,67,'2024-12-04 09:02:00','LOVE'),
(55,73,'2024-12-16 17:13:00','HAHA'),
(29,36,'2024-11-19 15:49:00','SAD'),
(9,78,'2024-12-13 08:21:00','LOVE'),
(26,24,'2024-11-13 08:03:00','LIKE'),
(56,72,'2024-12-13 15:54:00','LIKE'),
(55,77,'2024-12-10 19:05:00','HAHA'),
(38,41,'2024-11-24 18:05:00','ANGRY'),
(27,65,'2024-12-05 15:54:00','LOVE'),
(16,48,'2024-11-27 10:02:00','HAHA'),
(4,46,'2024-12-01 08:53:00','LIKE'),
(34,34,'2024-11-27 20:30:00','LIKE'),
(48,13,'2024-11-12 20:00:00','LOVE'),
(60,39,'2024-11-29 15:48:00','ANGRY'),
(32,14,'2024-11-12 13:16:00','WOW'),
(31,48,'2024-11-30 10:28:00','LOVE'),
(44,19,'2024-11-10 15:45:00','LOVE'),
(11,5,'2024-11-06 09:59:00','SAD'),
(9,48,'2024-12-01 09:59:00','WOW'),
(55,10,'2024-11-10 13:52:00','LOVE'),
(9,62,'2024-12-11 13:09:00','HAHA'),
(10,71,'2024-12-13 10:17:00','WOW'),
(16,53,'2024-11-29 08:17:00','SAD'),
(22,38,'2024-11-21 12:31:00','LIKE'),
(30,41,'2024-11-28 09:09:00','SAD'),
(42,8,'2024-11-14 11:35:00','WOW'),
(8,37,'2024-11-23 20:12:00','HAHA'),
(53,56,'2024-12-01 11:06:00','WOW'),
(28,38,'2024-11-21 08:53:00','ANGRY'),
(10,38,'2024-11-29 08:28:00','SAD'),
(34,44,'2024-11-24 15:00:00','SAD'),
(12,37,'2024-11-24 14:02:00','WOW'),
(19,28,'2024-11-23 10:08:00','LOVE'),
(15,67,'2024-12-06 11:38:00','LIKE'),
(33,78,'2024-12-13 10:13:00','LOVE'),
(44,79,'2024-12-20 20:12:00','SAD'),
(48,40,'2024-11-20 09:44:00','ANGRY'),
(28,67,'2024-12-04 16:51:00','HAHA'),
(19,43,'2024-12-02 15:05:00','LIKE'),
(32,53,'2024-11-29 18:17:00','LOVE'),
(38,24,'2024-11-17 08:10:00','ANGRY'),
(35,46,'2024-11-30 16:04:00','LIKE'),
(16,46,'2024-11-28 20:45:00','WOW'),
(4,74,'2024-12-11 09:46:00','WOW'),
(34,58,'2024-11-29 16:51:00','SAD'),
(3,18,'2024-11-12 09:14:00','SAD'),
(12,24,'2024-11-13 12:16:00','SAD'),
(2,34,'2024-11-26 18:36:00','WOW'),
(16,67,'2024-12-11 09:22:00','LIKE'),
(50,23,'2024-11-16 09:29:00','WOW'),
(8,15,'2024-11-09 14:56:00','LOVE'),
(39,70,'2024-12-08 11:09:00','ANGRY'),
(31,74,'2024-12-13 10:52:00','LIKE'),
(27,50,'2024-12-04 17:33:00','LIKE'),
(4,51,'2024-12-01 13:25:00','LOVE'),
(28,43,'2024-12-01 20:58:00','HAHA'),
(22,7,'2024-11-12 10:43:00','HAHA'),
(28,32,'2024-11-26 18:00:00','HAHA'),
(35,14,'2024-11-09 09:20:00','WOW'),
(34,26,'2024-11-23 08:14:00','LOVE'),
(27,54,'2024-12-04 18:02:00','LIKE'),
(43,5,'2024-11-12 12:58:00','ANGRY'),
(19,80,'2024-12-20 16:51:00','LIKE'),
(7,80,'2024-12-14 09:33:00','LIKE'),
(51,56,'2024-11-28 12:07:00','HAHA'),
(43,45,'2024-11-25 09:03:00','SAD'),
(19,66,'2024-12-04 15:37:00','SAD'),
(29,19,'2024-11-11 16:08:00','HAHA'),
(38,53,'2024-12-01 12:15:00','ANGRY'),
(19,70,'2024-12-12 17:44:00','SAD'),
(37,26,'2024-11-18 15:57:00','SAD'),
(32,62,'2024-12-05 08:15:00','HAHA'),
(36,66,'2024-12-09 17:25:00','LIKE'),
(11,46,'2024-11-26 13:35:00','HAHA'),
(19,63,'2024-12-06 11:18:00','LIKE'),
(11,3,'2024-11-10 09:38:00','HAHA'),
(44,57,'2024-11-29 16:24:00','WOW'),
(7,46,'2024-12-01 11:43:00','ANGRY'),
(28,20,'2024-11-15 18:22:00','LOVE'),
(41,26,'2024-11-22 12:52:00','SAD'),
(55,17,'2024-11-10 08:26:00','SAD'),
(27,64,'2024-12-11 10:26:00','HAHA'),
(40,80,'2024-12-11 14:54:00','WOW'),
(19,59,'2024-12-05 12:22:00','WOW'),
(57,68,'2024-12-14 13:00:00','ANGRY'),
(26,64,'2024-12-09 12:11:00','SAD'),
(57,56,'2024-12-07 11:05:00','HAHA'),
(40,42,'2024-11-24 13:13:00','WOW'),
(3,2,'2024-11-01 12:36:00','WOW'),
(60,40,'2024-11-29 14:33:00','SAD'),
(23,60,'2024-11-30 17:43:00','HAHA'),
(1,58,'2024-12-09 09:33:00','LOVE'),
(33,48,'2024-11-30 18:35:00','SAD'),
(13,20,'2024-11-16 15:25:00','WOW'),
(39,80,'2024-12-15 19:33:00','ANGRY'),
(25,22,'2024-11-16 13:04:00','HAHA'),
(12,66,'2024-12-04 18:57:00','HAHA'),
(35,21,'2024-11-15 16:13:00','SAD'),
(4,24,'2024-11-22 17:38:00','LIKE'),
(38,46,'2024-12-03 18:46:00','LIKE'),
(1,53,'2024-11-27 12:45:00','ANGRY'),
(1,71,'2024-12-10 14:53:00','LIKE'),
(1,76,'2024-12-18 08:12:00','LOVE'),
(37,64,'2024-12-11 12:55:00','ANGRY'),
(33,69,'2024-12-07 17:12:00','WOW'),
(8,78,'2024-12-11 10:33:00','SAD'),
(2,14,'2024-11-08 09:10:00','SAD'),
(31,63,'2024-12-11 14:51:00','LIKE'),
(45,2,'2024-11-10 13:09:00','ANGRY'),
(56,31,'2024-11-20 10:02:00','HAHA'),
(54,9,'2024-11-08 15:39:00','WOW'),
(4,3,'2024-11-05 14:37:00','LIKE'),
(4,57,'2024-12-08 11:15:00','LOVE');

-- 9) PROFIL_GROUPE (100)
INSERT INTO profil_groupe (id_profil, id_groupe, role_groupe, a_rejoint_groupe) VALUES
(3,3,'Membre','2023-11-20'),
(1,15,'Admin','2023-12-24'),
(27,10,'Admin','2023-11-09'),
(20,7,'Admin','2023-10-25'),
(12,3,'Membre','2023-10-11'),
(24,2,'Admin','2023-11-19'),
(8,7,'Admin','2024-01-01'),
(16,7,'Admin','2023-12-06'),
(3,5,'Admin','2024-01-28'),
(10,4,'Membre','2023-11-08'),
(18,9,'Membre','2024-01-08'),
(29,8,'Membre','2023-11-15'),
(24,6,'Admin','2023-12-07'),
(41,10,'Admin','2024-01-04'),
(14,4,'Modérateur','2023-10-30'),
(29,10,'Modérateur','2023-12-02'),
(26,10,'Membre','2024-02-20'),
(6,9,'Modérateur','2024-02-04'),
(1,7,'Modérateur','2023-11-14'),
(13,11,'Membre','2024-01-14'),
(59,6,'Admin','2023-11-13'),
(15,5,'Modérateur','2023-12-07'),
(19,6,'Admin','2024-01-27'),
(41,15,'Membre','2024-03-14'),
(18,3,'Modérateur','2024-01-21'),
(27,1,'Modérateur','2023-12-03'),
(19,2,'Modérateur','2024-01-09'),
(26,1,'Admin','2023-10-30'),
(41,11,'Modérateur','2024-02-19'),
(15,10,'Modérateur','2023-12-03'),
(37,6,'Membre','2024-02-03'),
(49,13,'Membre','2024-03-01'),
(4,4,'Membre','2024-01-23'),
(21,4,'Admin','2024-01-17'),
(48,7,'Modérateur','2024-02-06'),
(34,2,'Admin','2023-12-03'),
(48,12,'Modérateur','2024-01-26'),
(29,9,'Modérateur','2023-11-24'),
(60,13,'Membre','2023-11-15'),
(45,14,'Admin','2023-12-05'),
(35,3,'Modérateur','2023-11-10'),
(35,5,'Membre','2023-11-07'),
(23,6,'Membre','2024-01-09'),
(20,3,'Modérateur','2023-12-12'),
(43,8,'Membre','2023-10-26'),
(57,12,'Modérateur','2023-12-07'),
(22,11,'Modérateur','2023-12-28'),
(10,10,'Admin','2024-02-15'),
(14,2,'Membre','2023-11-23'),
(32,4,'Admin','2023-11-21'),
(13,2,'Admin','2023-10-22'),
(11,6,'Modérateur','2023-12-05'),
(19,3,'Membre','2023-10-12'),
(28,8,'Modérateur','2023-12-06'),
(1,6,'Modérateur','2023-11-25'),
(50,7,'Admin','2023-12-09'),
(7,13,'Admin','2024-02-13'),
(40,6,'Modérateur','2024-02-02'),
(15,6,'Admin','2024-02-04'),
(3,2,'Modérateur','2024-02-02'),
(53,12,'Membre','2023-12-04'),
(32,7,'Membre','2023-11-30'),
(39,10,'Membre','2024-01-28'),
(15,3,'Modérateur','2023-12-01'),
(6,1,'Admin','2023-10-29'),
(54,13,'Membre','2023-12-16'),
(46,7,'Membre','2023-12-18'),
(1,11,'Membre','2024-02-27'),
(1,8,'Modérateur','2023-12-09'),
(37,4,'Modérateur','2023-11-24'),
(34,8,'Modérateur','2024-02-19'),
(40,2,'Membre','2024-01-08'),
(44,6,'Admin','2023-12-31'),
(37,7,'Admin','2024-01-15'),
(42,3,'Admin','2023-12-17'),
(13,4,'Admin','2024-01-10'),
(6,3,'Admin','2023-12-21'),
(38,7,'Membre','2024-01-03'),
(29,7,'Membre','2023-11-15'),
(8,4,'Admin','2024-01-05'),
(7,4,'Admin','2024-01-12'),
(36,8,'Modérateur','2024-01-23'),
(38,10,'Admin','2024-01-26'),
(46,14,'Membre','2024-02-01'),
(11,4,'Membre','2023-10-31'),
(26,4,'Membre','2023-10-15'),
(45,10,'Admin','2023-12-09'),
(59,12,'Membre','2023-12-23'),
(24,9,'Admin','2024-01-29'),
(32,1,'Admin','2023-10-17'),
(23,9,'Modérateur','2023-11-12'),
(3,15,'Membre','2023-12-18'),
(23,4,'Membre','2024-01-29'),
(38,8,'Membre','2023-12-27'),
(8,2,'Membre','2023-10-27'),
(36,15,'Modérateur','2024-02-09'),
(45,13,'Admin','2023-11-11'),
(2,6,'Admin','2023-12-23'),
(39,7,'Membre','2024-01-19'),
(34,4,'Membre','2023-12-28');

-- 10) CONVERSATION (15)
INSERT INTO conversation (id_conversation, type_conversation, sujet_conversation, creation_conversation) VALUES
(1,'prive','Révisions SQL','2024-11-05'),
(2,'groupe','Sortie Musée d''Orsay','2024-11-06'),
(3,'prive','Projet Data & IA','2024-11-07'),
(4,'groupe','Tournoi Esports','2024-11-08'),
(5,'prive','Robotique – châssis','2024-11-09'),
(6,'groupe','Running – planning','2024-11-10'),
(7,'prive','CI/CD – pipeline','2024-11-11'),
(8,'groupe','Expo Kandinsky','2024-11-12'),
(9,'prive','Photos nocturnes','2024-11-13'),
(10,'groupe','Hackathon interne','2024-11-14'),
(11,'prive','Dev mobile','2024-11-15'),
(12,'groupe','DataViz – atelier','2024-11-16'),
(13,'prive','MLOps – monitoring','2024-11-17'),
(14,'groupe','EFREI International','2024-11-18'),
(15,'prive','Prépa soutenance','2024-11-19');

-- 11) CONVERSATION_PARTICIPANT (60)
INSERT INTO conversation_participant (id_profil, id_conversation, role_participant, rejoint_le) VALUES
(22,1,'membre','2024-11-05'),
(6,10,'createur','2024-11-14'),
(27,10,'membre','2024-11-14'),
(51,3,'moderateur','2024-11-07'),
(1,14,'createur','2024-11-18'),
(43,4,'moderateur','2024-11-08'),
(5,9,'moderateur','2024-11-13'),
(16,4,'moderateur','2024-11-08'),
(24,14,'membre','2024-11-18'),
(39,8,'membre','2024-11-12'),
(42,13,'moderateur','2024-11-17'),
(2,9,'membre','2024-11-13'),
(30,6,'moderateur','2024-11-10'),
(57,1,'moderateur','2024-11-05'),
(6,12,'createur','2024-11-16'),
(18,14,'moderateur','2024-11-18'),
(22,4,'moderateur','2024-11-08'),
(41,14,'membre','2024-11-18'),
(50,7,'createur','2024-11-11'),
(17,13,'createur','2024-11-17'),
(29,8,'membre','2024-11-12'),
(34,2,'membre','2024-11-06'),
(1,9,'createur','2024-11-13'),
(14,8,'membre','2024-11-12'),
(33,15,'moderateur','2024-11-19'),
(10,5,'createur','2024-11-09'),
(2,11,'createur','2024-11-15'),
(18,9,'membre','2024-11-13'),
(20,3,'moderateur','2024-11-07'),
(31,4,'moderateur','2024-11-08'),
(33,2,'membre','2024-11-06'),
(23,1,'membre','2024-11-05'),
(22,10,'membre','2024-11-14'),
(20,6,'moderateur','2024-11-10'),
(37,1,'membre','2024-11-05'),
(11,1,'createur','2024-11-05'),
(9,2,'createur','2024-11-06'),
(35,12,'moderateur','2024-11-16'),
(51,4,'moderateur','2024-11-08'),
(30,10,'moderateur','2024-11-14'),
(11,8,'createur','2024-11-12'),
(6,6,'createur','2024-11-10'),
(53,13,'moderateur','2024-11-17'),
(60,9,'moderateur','2024-11-13'),
(48,3,'membre','2024-11-07'),
(16,8,'membre','2024-11-12'),
(51,7,'moderateur','2024-11-11'),
(14,4,'createur','2024-11-08'),
(39,10,'moderateur','2024-11-14'),
(20,5,'moderateur','2024-11-09'),
(16,1,'moderateur','2024-11-05'),
(33,8,'membre','2024-11-12'),
(51,2,'membre','2024-11-06'),
(24,12,'membre','2024-11-16'),
(34,14,'membre','2024-11-18'),
(7,14,'membre','2024-11-18'),
(16,3,'createur','2024-11-07'),
(46,2,'moderateur','2024-11-06'),
(22,11,'membre','2024-11-15'),
(37,5,'membre','2024-11-09');

-- 12) MESSAGE (250) – chaque message par un participant de la conversation
INSERT INTO message (id_message, contenu_message, creation_message, id_profil, id_conversation) VALUES
(1,'Docker Projet Rendez-vous CI réseau.','2024-11-14 15:21:00',18,14),
(2,'Pour phishing Devoir les atelier.','2024-11-19 17:37:00',39,10),
(3,'TD soir On ce Pipeline.','2024-11-09 18:43:00',51,3),
(4,'À agrégations rendre tests robot capteurs phishing VLAN les CDN Projet Louvre On performance ce.','2024-11-08 16:29:00',48,3),
(5,'MFA revoit jointures CI et TD.','2024-11-12 20:44:00',60,9),
(6,'Au croquis réseau AUC soir.','2024-11-09 22:27:00',46,2),
(7,'Et unitaires pour croquis phishing EFREI au On data capteurs réseau les.','2024-11-21 19:53:00',2,11),
(8,'Devoir EFREI On CI les robot photos AUC revue RMSE tests rendre MFA.','2024-11-06 20:50:00',43,4),
(9,'Soir SQL MFA rendre phishing monitoring On Projet accès kubernetes data.','2024-11-15 22:26:00',51,7),
(10,'Capteurs TD agrégations performance les jointures à RMSE.','2024-11-17 17:52:00',35,12),
(11,'CI photos latence On cloud robot réseau kubernetes tests CDN AUC SQL Projet sécurité unitaires.','2024-11-25 21:35:00',30,6),
(12,'Capteurs réseau CI et monitoring AUC croquis performance data MFA cloud unitaires métriques CDN.','2024-11-17 22:17:00',6,12),
(13,'Devoir métriques pour MFA Rendez-vous phishing Projet au soir photos monitoring les CI.','2024-11-09 15:59:00',22,10),
(14,'VLAN data SQL au Devoir unitaires métriques.','2024-11-18 15:26:00',51,7),
(15,'Revue atelier VLAN TD MFA monitoring cloud au métriques soir On.','2024-11-19 15:17:00',5,9),
(16,'Projet performance Devoir métriques tests SQL data revoit RMSE Louvre On latence robot jointures au.','2024-11-16 21:33:00',2,11),
(17,'Data Projet phishing atelier agrégations métriques monitoring docker réseau Louvre.','2024-11-22 18:58:00',37,5),
(18,'Sécurité atelier SQL Devoir les.','2024-11-14 19:58:00',51,3),
(19,'Data unitaires Projet SQL CDN ce performance Louvre réseau Devoir et pour tests robot.','2024-11-18 20:41:00',24,12),
(20,'Docker robot revoit au CDN latence photos MFA vendredi rendre cloud.','2024-11-17 20:33:00',46,2),
(21,'Kubernetes On capteurs croquis Louvre à AUC.','2024-11-19 20:31:00',16,3),
(22,'Photos TD agrégations croquis et latence On au docker sécurité pour.','2024-11-14 22:21:00',57,1),
(23,'Cloud jointures RMSE VLAN rendre CDN ce réseau MFA soir.','2024-11-06 17:45:00',30,10),
(24,'AUC EFREI métriques data agrégations CI SQL.','2024-11-11 22:00:00',20,6),
(25,'Rendre réseau jointures Pipeline VLAN Projet SQL vendredi AUC data MFA Louvre ce.','2024-11-14 22:25:00',37,5),
(26,'Capteurs docker sécurité CDN soir Devoir tests Louvre photos RMSE jointures CI.','2024-11-22 19:59:00',16,1),
(27,'Les EFREI croquis atelier revue Louvre pour CDN performance photos.','2024-11-07 20:36:00',37,1),
(28,'Vendredi monitoring TD jointures ce et accès.','2024-11-11 17:03:00',51,7),
(29,'Docker croquis réseau sécurité revue pour AUC.','2024-11-05 22:47:00',14,8),
(30,'Photos au Louvre agrégations jointures rendre.','2024-11-09 17:33:00',7,14),
(31,'Soir jointures VLAN ce les Rendez-vous atelier revue croquis CDN CI.','2024-11-13 21:43:00',51,4),
(32,'CI RMSE pour soir capteurs croquis à les phishing.','2024-11-09 18:58:00',35,12),
(33,'AUC VLAN agrégations Louvre photos soir au vendredi tests à TD les unitaires CDN pour.','2024-11-25 18:14:00',50,7),
(34,'Docker agrégations Louvre EFREI Pipeline.','2024-11-14 21:22:00',2,11),
(35,'Cloud EFREI croquis CDN Pipeline les VLAN.','2024-11-22 15:12:00',39,10),
(36,'Capteurs Pipeline jointures au tests unitaires atelier.','2024-11-05 19:12:00',6,10),
(37,'Pipeline et RMSE photos au sécurité.','2024-11-15 19:11:00',14,8),
(38,'Les kubernetes CDN au rendre.','2024-11-24 20:29:00',33,2),
(39,'MFA capteurs Rendez-vous Devoir sécurité phishing agrégations tests On cloud.','2024-11-18 19:04:00',2,11),
(40,'TD soir docker EFREI AUC réseau phishing CI.','2024-11-13 15:06:00',10,5),
(41,'Data Devoir Louvre revue à RMSE pour ce Projet AUC kubernetes performance au.','2024-11-10 22:02:00',14,8),
(42,'Pour VLAN croquis agrégations Rendez-vous soir data revoit vendredi à métriques TD revue latence.','2024-11-06 21:50:00',11,1),
(43,'Kubernetes sécurité jointures Projet et accès tests au les pour au Pipeline robot agrégations.','2024-11-11 17:15:00',51,2),
(44,'Rendre phishing les agrégations Projet soir kubernetes Rendez-vous capteurs unitaires.','2024-11-23 16:00:00',42,13),
(45,'Réseau tests sécurité et On cloud les docker.','2024-11-11 17:59:00',17,13),
(46,'Jointures Devoir rendre agrégations robot unitaires CDN Rendez-vous docker performance ce data Pipeline phishing photos.','2024-11-07 15:12:00',5,9),
(47,'Monitoring kubernetes Pipeline CDN AUC robot phishing TD et data croquis.','2024-11-23 16:27:00',41,14),
(48,'Docker latence réseau jointures à capteurs sécurité monitoring.','2024-11-23 21:35:00',16,4),
(49,'Robot réseau tests capteurs accès vendredi Pipeline On.','2024-11-17 20:05:00',22,11),
(50,'Rendre phishing accès Pipeline photos soir tests AUC pour agrégations unitaires à.','2024-11-24 14:07:00',20,5),
(51,'Agrégations EFREI au VLAN atelier rendre AUC Projet TD pour.','2024-11-24 14:18:00',24,14),
(52,'Tests soir Devoir Rendez-vous croquis unitaires performance à Pipeline.','2024-11-17 16:24:00',2,11),
(53,'À métriques On sécurité au au Projet.','2024-11-21 17:54:00',16,8),
(54,'RMSE kubernetes capteurs SQL ce data.','2024-11-13 19:43:00',33,8),
(55,'Atelier EFREI revue Devoir Pipeline capteurs monitoring SQL métriques jointures.','2024-11-07 22:39:00',22,11),
(56,'Jointures réseau TD RMSE SQL.','2024-11-20 19:44:00',33,15),
(57,'Phishing photos les CI cloud ce On EFREI soir Louvre CDN latence kubernetes sécurité.','2024-11-21 16:46:00',16,8),
(58,'Revue AUC revoit rendre RMSE VLAN robot agrégations.','2024-11-23 18:40:00',50,7),
(59,'VLAN EFREI CI Rendez-vous latence docker jointures AUC unitaires ce.','2024-11-25 20:31:00',53,13),
(60,'Rendez-vous réseau Pipeline jointures CDN sécurité SQL Devoir au EFREI capteurs cloud Louvre.','2024-11-06 16:19:00',43,4),
(61,'Data Devoir à CI SQL cloud EFREI TD pour atelier kubernetes rendre Rendez-vous VLAN les.','2024-11-19 20:06:00',27,10),
(62,'Capteurs rendre et EFREI à Devoir réseau métriques revue TD data atelier On.','2024-11-22 21:42:00',48,3),
(63,'Devoir data Projet et RMSE au accès rendre TD Pipeline Rendez-vous au performance à.','2024-11-23 18:22:00',37,1),
(64,'Unitaires au sécurité soir AUC métriques rendre revue ce pour.','2024-11-17 20:31:00',51,7),
(65,'On latence capteurs Projet MFA vendredi à pour réseau EFREI ce soir croquis.','2024-11-07 20:04:00',30,6),
(66,'Les robot SQL revue ce MFA sécurité performance EFREI.','2024-11-21 15:57:00',2,11),
(67,'Pour croquis Pipeline au Devoir latence agrégations réseau revoit métriques et TD CI phishing.','2024-11-24 22:17:00',6,12),
(68,'Kubernetes jointures atelier CDN RMSE accès les robot AUC.','2024-11-25 16:28:00',23,1),
(69,'Monitoring tests MFA métriques latence croquis pour RMSE robot.','2024-11-08 21:14:00',24,14),
(70,'Revoit kubernetes EFREI vendredi Devoir et monitoring.','2024-11-22 14:14:00',37,5),
(71,'Kubernetes CDN rendre croquis capteurs jointures Devoir AUC tests data et.','2024-11-07 15:25:00',37,5),
(72,'Réseau sécurité performance photos Louvre tests MFA phishing TD à Rendez-vous revue.','2024-11-23 16:27:00',22,11),
(73,'Louvre sécurité phishing data MFA RMSE revue revoit performance monitoring et unitaires.','2024-11-07 22:01:00',17,13),
(74,'Unitaires monitoring Rendez-vous latence MFA CI phishing Pipeline au les au robot rendre.','2024-11-05 22:16:00',31,4),
(75,'Soir Devoir cloud docker agrégations tests.','2024-11-19 15:21:00',33,15),
(76,'Métriques latence data kubernetes SQL pour.','2024-11-20 16:54:00',42,13),
(77,'Métriques vendredi SQL Rendez-vous MFA ce capteurs On TD.','2024-11-05 17:45:00',20,6),
(78,'On agrégations photos les pour.','2024-11-23 22:24:00',51,4),
(79,'Photos docker monitoring pour On Projet VLAN unitaires SQL au accès ce Louvre.','2024-11-15 19:39:00',33,15),
(80,'Latence MFA jointures cloud Rendez-vous à.','2024-11-23 21:48:00',29,8),
(81,'Accès soir TD docker phishing SQL et Projet croquis On à latence.','2024-11-25 21:44:00',2,11),
(82,'Louvre On les photos jointures à.','2024-11-12 14:15:00',53,13),
(83,'Rendre data les soir photos revoit cloud au monitoring au VLAN métriques Rendez-vous kubernetes.','2024-11-06 22:40:00',16,4),
(84,'Et revoit RMSE robot agrégations.','2024-11-21 20:58:00',6,6),
(85,'Capteurs AUC performance revue photos.','2024-11-24 22:04:00',60,9),
(86,'Kubernetes photos pour TD robot sécurité vendredi.','2024-11-22 17:01:00',50,7),
(87,'Réseau au agrégations Projet MFA sécurité Devoir EFREI Pipeline performance.','2024-11-07 22:33:00',51,2),
(88,'Tests Louvre On agrégations et les TD accès pour métriques SQL photos rendre performance.','2024-11-09 21:38:00',42,13),
(89,'Capteurs réseau ce vendredi jointures.','2024-11-05 14:45:00',33,15),
(90,'Data Pipeline unitaires revoit CI SQL au.','2024-11-19 18:45:00',48,3),
(91,'CI EFREI Projet On rendre AUC revoit tests croquis capteurs unitaires monitoring VLAN sécurité.','2024-11-10 21:48:00',51,3),
(92,'Les CI vendredi monitoring tests Devoir.','2024-11-07 22:10:00',33,15),
(93,'Métriques jointures robot capteurs AUC Projet rendre phishing.','2024-11-08 21:10:00',51,2),
(94,'On sécurité data vendredi TD au performance atelier robot.','2024-11-07 17:13:00',35,12),
(95,'Data revoit agrégations VLAN pour robot phishing performance CDN soir.','2024-11-14 20:15:00',2,11),
(96,'Pipeline et MFA sécurité AUC On VLAN Devoir robot soir RMSE.','2024-11-24 15:44:00',2,11),
(97,'Atelier au au data Pipeline à rendre MFA phishing.','2024-11-25 22:44:00',46,2),
(98,'Revoit SQL croquis au pour unitaires tests EFREI.','2024-11-19 19:20:00',6,12),
(99,'Rendez-vous capteurs MFA CDN Pipeline sécurité.','2024-11-11 15:57:00',6,10),
(100,'Jointures SQL data robot agrégations latence.','2024-11-06 16:30:00',10,5),
(101,'EFREI ce unitaires Devoir AUC.','2024-11-06 15:18:00',22,10),
(102,'Devoir phishing Rendez-vous métriques capteurs TD Projet sécurité revue.','2024-11-09 19:50:00',6,12),
(103,'Croquis SQL Devoir Projet robot cloud data On.','2024-11-05 17:41:00',42,13),
(104,'Revoit cloud atelier docker TD réseau photos RMSE VLAN.','2024-11-17 19:15:00',11,1),
(105,'Croquis vendredi atelier jointures TD Louvre et.','2024-11-08 21:30:00',46,2),
(106,'RMSE jointures et kubernetes croquis cloud pour latence performance SQL.','2024-11-19 21:15:00',20,5),
(107,'Métriques Rendez-vous kubernetes CI pour au agrégations cloud.','2024-11-18 22:03:00',9,2),
(108,'Monitoring CI au pour EFREI capteurs Devoir et TD cloud accès data.','2024-11-19 16:04:00',20,5),
(109,'Robot cloud réseau phishing les.','2024-11-25 22:57:00',16,3),
(110,'Soir SQL CI les Devoir capteurs robot au croquis revoit.','2024-11-20 16:41:00',2,9),
(111,'Revue atelier ce Louvre Pipeline.','2024-11-07 21:13:00',30,10),
(112,'Revoit réseau Rendez-vous On Devoir cloud croquis et capteurs MFA kubernetes.','2024-11-23 17:04:00',24,12),
(113,'Louvre cloud phishing Pipeline photos EFREI croquis CI.','2024-11-20 17:39:00',41,14),
(114,'Sécurité revoit latence Devoir Rendez-vous Projet On soir accès data photos cloud RMSE SQL ce.','2024-11-10 19:26:00',23,1),
(115,'Soir ce métriques MFA CDN CI jointures Rendez-vous croquis vendredi monitoring.','2024-11-22 15:17:00',10,5),
(116,'Capteurs croquis soir EFREI rendre au jointures vendredi phishing revoit revue et CDN au.','2024-11-19 20:16:00',51,2),
(117,'Pipeline capteurs robot kubernetes CDN TD atelier Projet docker métriques réseau.','2024-11-18 15:33:00',7,14),
(118,'Et CDN data latence SQL au sécurité Projet rendre Devoir métriques.','2024-11-21 22:12:00',22,11),
(119,'Cloud pour réseau CI On atelier phishing tests au photos VLAN croquis vendredi agrégations MFA.','2024-11-07 14:39:00',37,5),
(120,'Devoir sécurité phishing SQL capteurs docker MFA ce.','2024-11-17 16:57:00',18,9),
(121,'Kubernetes ce à performance rendre.','2024-11-11 18:07:00',51,4),
(122,'AUC unitaires MFA vendredi CI au cloud revoit Rendez-vous à Devoir TD revue pour.','2024-11-20 21:21:00',2,11),
(123,'Robot data Rendez-vous et accès photos CDN les Louvre.','2024-11-23 17:23:00',2,11),
(124,'EFREI revoit et On au agrégations Projet VLAN réseau croquis performance data robot.','2024-11-24 22:26:00',33,15),
(125,'Louvre soir cloud tests et métriques.','2024-11-08 15:59:00',11,1),
(126,'Data tests jointures agrégations phishing Rendez-vous réseau VLAN et sécurité robot ce.','2024-11-14 20:47:00',20,6),
(127,'Soir Louvre accès RMSE jointures phishing vendredi SQL revue revoit croquis Pipeline.','2024-11-15 19:32:00',53,13),
(128,'Soir Louvre sécurité atelier photos croquis performance agrégations cloud latence vendredi ce On MFA.','2024-11-20 15:04:00',17,13),
(129,'Kubernetes vendredi métriques AUC tests jointures revoit croquis robot.','2024-11-08 21:15:00',33,15),
(130,'Performance Louvre au pour Pipeline capteurs data ce Rendez-vous jointures croquis photos.','2024-11-14 17:40:00',43,4),
(131,'MFA Pipeline jointures accès CI agrégations revue sécurité réseau kubernetes Projet soir au.','2024-11-14 20:20:00',42,13),
(132,'TD kubernetes sécurité métriques Devoir cloud VLAN Pipeline et au.','2024-11-19 14:12:00',33,15),
(133,'Et data capteurs kubernetes croquis atelier CI cloud rendre Devoir AUC sécurité.','2024-11-24 20:27:00',2,11),
(134,'Agrégations monitoring EFREI ce les RMSE VLAN et photos réseau Pipeline MFA.','2024-11-15 14:06:00',53,13),
(135,'Soir à VLAN au jointures les.','2024-11-15 20:33:00',41,14),
(136,'CI Rendez-vous AUC accès rendre MFA.','2024-11-09 22:06:00',37,5),
(137,'Devoir TD Projet photos RMSE MFA agrégations data SQL cloud.','2024-11-17 20:45:00',16,4),
(138,'À sécurité Louvre ce MFA docker au kubernetes tests Projet revoit data.','2024-11-24 18:48:00',16,4),
(139,'MFA tests réseau Louvre capteurs rendre jointures.','2024-11-09 19:20:00',18,9),
(140,'Accès les MFA CI croquis VLAN EFREI Devoir Pipeline.','2024-11-12 19:00:00',1,14),
(141,'TD croquis On réseau rendre monitoring latence Projet jointures.','2024-11-16 20:24:00',30,6),
(142,'Robot CI SQL vendredi Pipeline ce Projet AUC tests jointures unitaires au MFA.','2024-11-09 18:16:00',33,15),
(143,'Photos tests cloud phishing pour MFA Devoir Projet et au TD CI revoit.','2024-11-22 14:50:00',33,15),
(144,'Et docker jointures Louvre photos monitoring à Pipeline cloud SQL capteurs latence performance CI.','2024-11-12 19:04:00',33,15),
(145,'Accès CDN métriques et cloud atelier.','2024-11-14 19:36:00',33,15),
(146,'AUC Devoir capteurs VLAN TD robot latence les photos CDN.','2024-11-12 17:13:00',50,7),
(147,'Au métriques revue kubernetes unitaires au.','2024-11-05 16:27:00',30,10),
(148,'Phishing vendredi Rendez-vous SQL monitoring et rendre Louvre CI Pipeline.','2024-11-24 14:14:00',51,4),
(149,'On capteurs soir accès SQL RMSE Rendez-vous au revoit MFA TD latence Devoir.','2024-11-10 21:34:00',30,6),
(150,'Sécurité phishing pour kubernetes photos soir RMSE MFA capteurs performance atelier revoit vendredi.','2024-11-11 22:01:00',11,1),
(151,'Pour kubernetes monitoring photos jointures agrégations On tests Rendez-vous Projet AUC.','2024-11-24 18:14:00',48,3),
(152,'Au Louvre CDN TD photos accès pour EFREI vendredi kubernetes jointures docker On atelier.','2024-11-21 16:14:00',10,5),
(153,'Soir CI photos Rendez-vous monitoring pour AUC tests rendre Projet Louvre.','2024-11-07 22:43:00',1,14),
(154,'Pipeline phishing Rendez-vous monitoring pour atelier agrégations soir Louvre CDN CI.','2024-11-18 19:39:00',16,4),
(155,'Atelier CDN docker cloud EFREI VLAN métriques Louvre capteurs MFA kubernetes soir.','2024-11-14 16:26:00',51,2),
(156,'Et à au unitaires vendredi tests VLAN MFA soir photos latence.','2024-11-12 15:22:00',2,9),
(157,'Monitoring sécurité réseau à vendredi performance Pipeline Rendez-vous RMSE On soir Devoir VLAN.','2024-11-06 21:22:00',1,9),
(158,'RMSE phishing à robot au revue TD.','2024-11-23 17:21:00',42,13),
(159,'Atelier docker EFREI Devoir métriques revoit unitaires RMSE AUC CI cloud TD.','2024-11-24 19:51:00',16,3),
(160,'SQL et Devoir monitoring AUC On EFREI tests revue docker.','2024-11-17 18:01:00',20,6),
(161,'Jointures ce soir Pipeline croquis réseau phishing vendredi.','2024-11-05 15:12:00',51,3),
(162,'Agrégations soir vendredi Louvre les docker SQL sécurité phishing au ce Pipeline réseau.','2024-11-08 16:35:00',10,5),
(163,'CI sécurité VLAN monitoring Rendez-vous.','2024-11-10 15:02:00',9,2),
(164,'Accès unitaires réseau Louvre Devoir TD vendredi CI.','2024-11-10 15:11:00',46,2),
(165,'Revoit réseau sécurité au Rendez-vous VLAN soir unitaires jointures atelier métriques les.','2024-11-13 21:14:00',51,7),
(166,'Revoit accès monitoring tests capteurs à kubernetes soir jointures RMSE métriques sécurité.','2024-11-22 14:28:00',42,13),
(167,'On kubernetes VLAN MFA phishing Devoir rendre Louvre latence SQL robot tests cloud Rendez-vous CI.','2024-11-17 16:44:00',14,8),
(168,'Capteurs performance On CDN CI réseau robot RMSE.','2024-11-11 18:57:00',33,15),
(169,'Docker EFREI agrégations phishing les soir vendredi sécurité latence rendre revue kubernetes robot.','2024-11-15 16:36:00',37,5),
(170,'EFREI TD accès vendredi atelier data agrégations réseau Devoir au les.','2024-11-07 16:06:00',6,12),
(171,'Data EFREI Devoir pour kubernetes réseau métriques vendredi latence MFA photos CI à cloud TD.','2024-11-14 17:04:00',39,8),
(172,'AUC ce unitaires monitoring SQL Projet data kubernetes les atelier cloud revoit agrégations RMSE.','2024-11-09 18:03:00',57,1),
(173,'Sécurité agrégations revue tests accès au ce TD capteurs kubernetes data VLAN.','2024-11-11 21:38:00',1,14),
(174,'Data phishing jointures croquis Rendez-vous performance Pipeline et.','2024-11-12 21:54:00',20,3),
(175,'Rendre cloud CI réseau jointures SQL.','2024-11-22 21:13:00',22,11),
(176,'Louvre data Rendez-vous métriques réseau TD RMSE CI à sécurité ce cloud latence.','2024-11-19 21:52:00',51,4),
(177,'Docker CDN tests Rendez-vous sécurité au Devoir SQL TD ce phishing revue réseau.','2024-11-23 19:06:00',16,8),
(178,'Photos TD revue phishing monitoring Devoir latence capteurs.','2024-11-15 14:20:00',50,7),
(179,'Capteurs au Devoir Louvre accès VLAN Pipeline revue Projet CDN et rendre On pour réseau.','2024-11-11 22:55:00',39,8),
(180,'Capteurs TD réseau revue au Louvre CDN On.','2024-11-21 15:48:00',43,4),
(181,'Latence VLAN On kubernetes rendre unitaires CDN AUC au sécurité.','2024-11-18 15:17:00',10,5),
(182,'TD EFREI CDN kubernetes CI SQL à revoit.','2024-11-10 17:06:00',22,10),
(183,'Kubernetes soir vendredi Devoir capteurs revoit réseau jointures sécurité.','2024-11-18 15:53:00',51,2),
(184,'MFA Devoir RMSE ce unitaires phishing data AUC soir Rendez-vous.','2024-11-25 20:10:00',39,10),
(185,'Rendez-vous Pipeline kubernetes latence VLAN au.','2024-11-09 15:37:00',20,3),
(186,'MFA jointures Projet vendredi ce.','2024-11-18 21:34:00',18,9),
(187,'Cloud CDN SQL vendredi tests phishing.','2024-11-12 19:15:00',14,4),
(188,'Projet les accès au Louvre et data agrégations tests monitoring performance sécurité vendredi.','2024-11-12 14:28:00',17,13),
(189,'Projet réseau soir au Pipeline vendredi CI au kubernetes capteurs Rendez-vous les.','2024-11-07 22:49:00',42,13),
(190,'Jointures revue kubernetes les tests phishing au métriques Louvre sécurité à Rendez-vous croquis pour vendredi.','2024-11-25 16:52:00',11,8),
(191,'On VLAN croquis capteurs à au Louvre rendre agrégations AUC revue Devoir.','2024-11-19 15:15:00',37,5),
(192,'À rendre VLAN vendredi et.','2024-11-13 19:14:00',6,6),
(193,'Data monitoring au SQL kubernetes docker phishing Louvre.','2024-11-07 14:34:00',16,3),
(194,'CDN cloud ce soir et MFA.','2024-11-23 21:18:00',46,2),
(195,'Sécurité et TD CI Projet.','2024-11-05 16:37:00',50,7),
(196,'VLAN Devoir rendre EFREI Rendez-vous atelier capteurs.','2024-11-23 18:22:00',16,1),
(197,'Projet monitoring soir capteurs data TD VLAN SQL agrégations croquis On.','2024-11-09 15:34:00',16,3),
(198,'CDN CI RMSE phishing atelier robot latence AUC Louvre.','2024-11-16 15:55:00',16,3),
(199,'Ce Devoir unitaires kubernetes RMSE CDN croquis performance EFREI VLAN.','2024-11-11 21:46:00',37,5),
(200,'Au les AUC revue EFREI TD monitoring atelier Devoir métriques cloud Projet kubernetes sécurité.','2024-11-18 20:42:00',16,3),
(201,'Data cloud CI MFA réseau.','2024-11-14 20:53:00',51,7),
(202,'Photos Devoir agrégations MFA robot pour croquis vendredi data.','2024-11-19 19:45:00',51,4),
(203,'Tests Devoir rendre les vendredi.','2024-11-05 18:35:00',22,11),
(204,'Cloud au au docker MFA Devoir Louvre EFREI VLAN les.','2024-11-14 17:21:00',39,10),
(205,'Revue rendre soir CI sécurité robot au Rendez-vous unitaires EFREI jointures Projet.','2024-11-15 20:55:00',6,12),
(206,'Louvre soir Devoir kubernetes TD réseau EFREI atelier VLAN à data.','2024-11-10 14:27:00',6,6),
(207,'Phishing Devoir TD CI tests.','2024-11-17 16:24:00',23,1),
(208,'CDN réseau latence performance croquis.','2024-11-24 17:13:00',16,3),
(209,'CDN latence CI TD les MFA sécurité métriques accès agrégations kubernetes photos.','2024-11-11 17:14:00',10,5),
(210,'Devoir On croquis TD tests à Projet vendredi robot réseau CDN.','2024-11-11 21:19:00',33,2),
(211,'Pipeline EFREI cloud sécurité photos On jointures SQL réseau croquis au VLAN RMSE.','2024-11-25 14:33:00',31,4),
(212,'Agrégations Pipeline photos pour On et phishing robot au Devoir réseau vendredi.','2024-11-08 18:48:00',50,7),
(213,'Sécurité Rendez-vous au kubernetes métriques docker TD Devoir revue AUC.','2024-11-14 19:33:00',51,7),
(214,'Accès performance RMSE latence EFREI revue agrégations MFA Devoir TD.','2024-11-17 19:54:00',16,4),
(215,'Réseau TD tests Rendez-vous rendre revoit Devoir croquis à On.','2024-11-22 19:08:00',30,6),
(216,'Data croquis au photos Rendez-vous Devoir jointures revoit SQL MFA CI.','2024-11-22 21:23:00',20,3),
(217,'Louvre AUC au et robot sécurité capteurs data kubernetes ce Rendez-vous performance.','2024-11-06 21:34:00',22,11),
(218,'Sécurité cloud performance TD ce EFREI Pipeline.','2024-11-14 22:34:00',18,14),
(219,'Croquis capteurs atelier CI latence ce Devoir docker sécurité RMSE Rendez-vous jointures au agrégations.','2024-11-11 22:39:00',37,5),
(220,'EFREI et au métriques revoit réseau performance.','2024-11-06 22:46:00',39,10),
(221,'AUC Projet au Louvre CI monitoring tests accès revoit ce robot Devoir.','2024-11-19 15:53:00',33,15),
(222,'VLAN revue capteurs EFREI Pipeline agrégations pour.','2024-11-05 15:03:00',9,2),
(223,'Jointures MFA revue croquis Pipeline.','2024-11-13 22:59:00',33,8),
(224,'Photos SQL phishing Louvre croquis EFREI capteurs kubernetes Projet ce Pipeline à les.','2024-11-20 16:24:00',51,2),
(225,'Photos kubernetes unitaires MFA docker revoit performance sécurité à pour.','2024-11-11 21:50:00',14,4),
(226,'Soir vendredi au cloud kubernetes pour Louvre Projet unitaires latence au data EFREI.','2024-11-20 20:10:00',48,3),
(227,'CDN phishing pour CI vendredi On Pipeline data ce RMSE accès.','2024-11-08 21:18:00',30,6),
(228,'Revue réseau au MFA vendredi photos VLAN.','2024-11-25 16:44:00',39,10),
(229,'Soir rendre au kubernetes phishing CI.','2024-11-18 17:54:00',41,14),
(230,'Au au latence Louvre Rendez-vous cloud CDN.','2024-11-18 20:17:00',51,4),
(231,'Revoit Louvre atelier les robot latence.','2024-11-19 22:31:00',2,9),
(232,'Monitoring MFA accès croquis latence au robot unitaires Devoir.','2024-11-18 17:54:00',51,2),
(233,'Soir data RMSE au jointures latence réseau Louvre Projet.','2024-11-07 16:44:00',46,2),
(234,'Data docker au phishing On Pipeline.','2024-11-13 18:53:00',14,4),
(235,'TD croquis On phishing tests au atelier docker revoit MFA pour.','2024-11-12 19:15:00',33,15),
(236,'AUC à croquis Pipeline rendre et performance kubernetes atelier vendredi CDN métriques cloud EFREI au.','2024-11-15 20:26:00',6,6),
(237,'RMSE pour photos latence Projet.','2024-11-18 17:42:00',24,14),
(238,'Vendredi On MFA data monitoring docker réseau Rendez-vous Louvre cloud.','2024-11-08 15:43:00',60,9),
(239,'MFA pour soir robot à capteurs On revue revoit SQL atelier CI métriques croquis tests.','2024-11-14 20:45:00',7,14),
(240,'Revue Pipeline AUC VLAN Rendez-vous.','2024-11-06 15:18:00',33,2),
(241,'Revoit MFA Devoir au performance à monitoring kubernetes rendre.','2024-11-25 15:59:00',9,2),
(242,'Docker atelier SQL au vendredi croquis sécurité Louvre CI.','2024-11-08 22:29:00',33,15),
(243,'EFREI TD CDN les robot atelier data Louvre soir capteurs SQL phishing Devoir.','2024-11-17 20:33:00',39,8),
(244,'TD RMSE revoit rendre agrégations les performance atelier.','2024-11-18 16:17:00',20,3),
(245,'Au phishing à Pipeline kubernetes revoit.','2024-11-23 21:45:00',22,11),
(246,'Agrégations revoit MFA soir kubernetes croquis monitoring phishing robot RMSE Louvre métriques.','2024-11-16 16:51:00',42,13),
(247,'CDN Projet CI jointures latence au AUC rendre Pipeline.','2024-11-14 20:28:00',33,2),
(248,'Latence VLAN pour CDN EFREI docker.','2024-11-08 15:27:00',6,10),
(249,'Photos CDN CI Pipeline RMSE EFREI monitoring kubernetes agrégations.','2024-11-23 20:01:00',10,5),
(250,'TD CI kubernetes sécurité revue Pipeline Devoir Projet rendre VLAN.','2024-11-20 19:14:00',51,2);
